,Province/State,Confirmed,Deaths,Recovered,Days_since_start,Abbreviation,Population,Rate,Death Rate
0,New York,190288,9385,25765,83,NY,19453561,91,61
1,New York,190288,9385,25765,82,NY,19453561,91,61
2,New York,181825,8650,17089,81,NY,19453561,91,60
3,New York,174489,7887,16517,80,NY,19453561,91,60
4,New York,161799,7067,16234,79,NY,19453561,90,58
5,New York,151079,6269,15927,78,NY,19453561,89,57
6,New York,139876,5489,15592,77,NY,19453561,88,56
7,New York,131815,4758,14219,76,NY,19453561,88,54
8,New York,123160,4159,12977,75,NY,19453561,87,53
9,New York,114174,3565,11163,74,NY,19453561,86,52
10,New York,103060,2935,6622,73,NY,19453561,85,50
11,New York,92743,2468,6507,72,NY,19453561,84,48
12,New York,84025,2219,6402,71,NY,19453561,83,47
13,New York,76049,1714,0,70,NY,19453561,82,44
14,New York,67384,1342,0,69,NY,19453561,81,42
15,New York,59746,966,0,68,NY,19453561,80,39
16,New York,53520,834,0,67,NY,19453561,79,37
17,New York,46093,603,0,66,NY,19453561,77,34
18,New York,39140,457,0,65,NY,19453561,76,31
19,New York,33006,366,0,64,NY,19453561,74,29
20,New York,26374,271,0,63,NY,19453561,72,26
21,New York,23230,183,0,62,NY,19453561,70,22
22,New York,16916,153,0,61,NY,19453561,67,20
23,New York,12322,76,0,60,NY,19453561,64,13
24,New York,8403,46,0,59,NY,19453561,60,8
25,New York,5711,38,0,58,NY,19453561,56,6
26,New York,3083,20,0,57,NY,19453561,50,0
27,New York,1708,16,0,56,NY,19453561,44,-1
28,New York,969,10,0,55,NY,19453561,39,-6
29,New York,746,6,0,54,NY,19453561,36,-11
30,New York,613,2,0,53,NY,19453561,34,-22
31,New York,421,0,0,52,NY,19453561,30,0
32,New York,325,0,0,51,NY,19453561,28,0
33,New York,218,0,0,50,NY,19453561,24,0
34,New York,176,0,0,49,NY,19453561,22,0
35,New York,143,0,0,48,NY,19453561,19,0
36,New York,105,0,0,47,NY,19453561,16,0
37,New York,89,0,0,46,NY,19453561,15,0
38,New York,44,0,0,45,NY,19453561,8,0
39,New York,22,0,0,44,NY,19453561,1,0
40,New York,11,0,0,43,NY,19453561,-5,0
41,New York,2,0,0,42,NY,19453561,-22,0
42,New York,1,0,0,41,NY,19453561,-29,0
43,New York,1,0,0,40,NY,19453561,-29,0
44,New Jersey,61850,2350,355,83,NJ,8882190,88,55
45,New Jersey,61850,2350,355,82,NJ,8882190,88,55
46,New Jersey,58151,2183,355,81,NJ,8882190,87,55
47,New Jersey,54588,1932,51,80,NJ,8882190,87,53
48,New Jersey,51027,1709,51,79,NJ,8882190,86,52
49,New Jersey,47437,1504,51,78,NJ,8882190,85,51
50,New Jersey,44416,1232,51,77,NJ,8882190,85,49
51,New Jersey,41090,1003,0,76,NJ,8882190,84,47
52,New Jersey,37505,917,0,75,NJ,8882190,83,46
53,New Jersey,34124,846,0,74,NJ,8882190,82,45
54,New Jersey,29895,646,0,73,NJ,8882190,81,42
55,New Jersey,25590,537,0,72,NJ,8882190,79,41
56,New Jersey,22255,355,0,71,NJ,8882190,78,36
57,New Jersey,18997,267,1,70,NJ,8882190,76,34
58,New Jersey,16636,198,1,69,NJ,8882190,75,31
59,New Jersey,13386,161,1,68,NJ,8882190,73,28
60,New Jersey,11124,140,1,67,NJ,8882190,71,27
61,New Jersey,8825,108,1,66,NJ,8882190,69,24
62,New Jersey,6876,81,1,65,NJ,8882190,66,22
63,New Jersey,4402,62,1,64,NJ,8882190,62,19
64,New Jersey,3675,44,1,63,NJ,8882190,60,16
65,New Jersey,2844,27,1,62,NJ,8882190,57,11
66,New Jersey,1914,21,1,61,NJ,8882190,53,8
67,New Jersey,1327,16,1,60,NJ,8882190,50,5
68,New Jersey,890,11,1,59,NJ,8882190,46,2
69,New Jersey,742,9,1,58,NJ,8882190,44,0
70,New Jersey,427,5,1,57,NJ,8882190,38,-5
71,New Jersey,267,3,1,56,NJ,8882190,34,-10
72,New Jersey,179,3,1,55,NJ,8882190,30,-10
73,New Jersey,108,2,0,54,NJ,8882190,24,-14
74,New Jersey,69,2,0,53,NJ,8882190,20,-14
75,New Jersey,50,1,0,52,NJ,8882190,17,-21
76,New Jersey,31,1,0,51,NJ,8882190,12,-21
77,New Jersey,23,1,0,50,NJ,8882190,9,-21
78,New Jersey,15,1,0,49,NJ,8882190,5,-21
79,New Jersey,11,0,0,48,NJ,8882190,2,0
80,New Jersey,6,0,0,47,NJ,8882190,-3,0
81,New Jersey,4,0,0,46,NJ,8882190,-7,0
82,New Jersey,4,0,0,45,NJ,8882190,-7,0
83,New Jersey,2,0,0,44,NJ,8882190,-14,0
84,New Jersey,1,0,0,43,NJ,8882190,-21,0
85,Massachusetts,25475,756,729,83,MA,6892503,82,46
86,Massachusetts,25475,756,729,82,MA,6892503,82,46
87,Massachusetts,22860,686,729,81,MA,6892503,81,46
88,Massachusetts,20974,599,729,80,MA,6892503,80,44
89,Massachusetts,18941,503,311,79,MA,6892503,79,42
90,Massachusetts,16790,433,311,78,MA,6892503,77,41
91,Massachusetts,15202,356,311,77,MA,6892503,76,39
92,Massachusetts,13837,260,257,76,MA,6892503,76,36
93,Massachusetts,12500,231,10,75,MA,6892503,75,35
94,Massachusetts,11736,216,10,74,MA,6892503,74,34
95,Massachusetts,10402,192,10,73,MA,6892503,73,33
96,Massachusetts,8966,154,10,72,MA,6892503,71,31
97,Massachusetts,7738,122,10,71,MA,6892503,70,28
98,Massachusetts,6620,89,1,70,MA,6892503,68,25
99,Massachusetts,5752,56,1,69,MA,6892503,67,20
100,Massachusetts,4955,48,1,68,MA,6892503,65,19
101,Massachusetts,4257,44,1,67,MA,6892503,64,18
102,Massachusetts,3240,35,1,66,MA,6892503,61,16
103,Massachusetts,2417,25,1,65,MA,6892503,58,12
104,Massachusetts,1838,15,1,64,MA,6892503,55,7
105,Massachusetts,1159,11,1,63,MA,6892503,51,4
106,Massachusetts,777,9,1,62,MA,6892503,47,2
107,Massachusetts,646,5,1,61,MA,6892503,45,-3
108,Massachusetts,529,2,1,60,MA,6892503,43,-12
109,Massachusetts,413,1,1,59,MA,6892503,40,-19
110,Massachusetts,328,0,1,58,MA,6892503,38,0
111,Massachusetts,256,0,1,57,MA,6892503,36,0
112,Massachusetts,218,0,1,56,MA,6892503,34,0
113,Massachusetts,197,0,1,55,MA,6892503,33,0
114,Massachusetts,164,0,1,54,MA,6892503,31,0
115,Massachusetts,138,0,1,53,MA,6892503,29,0
116,Massachusetts,123,0,1,52,MA,6892503,28,0
117,Massachusetts,108,0,1,51,MA,6892503,27,0
118,Massachusetts,95,0,1,50,MA,6892503,26,0
119,Massachusetts,92,0,1,49,MA,6892503,25,0
120,Massachusetts,41,0,1,48,MA,6892503,17,0
121,Massachusetts,28,0,1,47,MA,6892503,14,0
122,Massachusetts,14,0,1,46,MA,6892503,7,0
123,Massachusetts,8,0,1,45,MA,6892503,1,0
124,Massachusetts,3,0,1,44,MA,6892503,-8,0
125,Massachusetts,2,0,1,43,MA,6892503,-12,0
126,Massachusetts,2,0,1,42,MA,6892503,-12,0
127,Massachusetts,1,0,1,41,MA,6892503,-19,0
128,Massachusetts,1,0,1,40,MA,6892503,-19,0
129,Massachusetts,1,0,1,39,MA,6892503,-19,0
130,Massachusetts,1,0,0,38,MA,6892503,-19,0
131,Massachusetts,1,0,0,37,MA,6892503,-19,0
132,Massachusetts,1,0,0,36,MA,6892503,-19,0
133,Massachusetts,1,0,0,35,MA,6892503,-19,0
134,Massachusetts,1,0,0,34,MA,6892503,-19,0
135,Massachusetts,1,0,0,33,MA,6892503,-19,0
136,Massachusetts,1,0,0,32,MA,6892503,-19,0
137,Massachusetts,1,0,0,31,MA,6892503,-19,0
138,Massachusetts,1,0,0,30,MA,6892503,-19,0
139,Massachusetts,1,0,0,29,MA,6892503,-19,0
140,Massachusetts,1,0,0,28,MA,6892503,-19,0
141,Massachusetts,1,0,0,27,MA,6892503,-19,0
142,Massachusetts,1,0,0,26,MA,6892503,-19,0
143,Massachusetts,1,0,0,25,MA,6892503,-19,0
144,Massachusetts,1,0,0,24,MA,6892503,-19,0
145,Massachusetts,1,0,0,23,MA,6892503,-19,0
146,Massachusetts,1,0,0,22,MA,6892503,-19,0
147,Massachusetts,1,0,0,21,MA,6892503,-19,0
148,Massachusetts,1,0,0,20,MA,6892503,-19,0
149,Massachusetts,1,0,0,19,MA,6892503,-19,0
150,Massachusetts,1,0,0,18,MA,6892503,-19,0
151,Massachusetts,1,0,0,17,MA,6892503,-19,0
152,Massachusetts,1,0,0,16,MA,6892503,-19,0
153,Massachusetts,1,0,0,15,MA,6892503,-19,0
154,Massachusetts,1,0,0,14,MA,6892503,-19,0
155,Massachusetts,1,0,0,13,MA,6892503,-19,0
156,Massachusetts,1,0,0,12,MA,6892503,-19,0
157,Massachusetts,1,0,0,11,MA,6892503,-19,0
158,Michigan,24638,1487,433,83,MI,9986857,78,50
159,Michigan,24638,1487,443,82,MI,9986857,78,50
160,Michigan,23993,1392,443,81,MI,9986857,77,49
161,Michigan,22783,1281,94,80,MI,9986857,77,48
162,Michigan,21504,1076,94,79,MI,9986857,76,46
163,Michigan,20346,959,94,78,MI,9986857,76,45
164,Michigan,18970,845,94,77,MI,9986857,75,44
165,Michigan,17221,727,94,76,MI,9986857,74,42
166,Michigan,15718,617,69,75,MI,9986857,73,41
167,Michigan,14225,540,44,74,MI,9986857,72,39
168,Michigan,12744,479,15,73,MI,9986857,71,38
169,Michigan,10791,417,15,72,MI,9986857,69,37
170,Michigan,9334,337,15,71,MI,9986857,68,35
171,Michigan,7615,259,0,70,MI,9986857,66,32
172,Michigan,6498,185,0,69,MI,9986857,64,29
173,Michigan,5488,132,0,68,MI,9986857,63,25
174,Michigan,4658,112,0,67,MI,9986857,61,24
175,Michigan,3657,92,0,66,MI,9986857,59,22
176,Michigan,2857,61,0,65,MI,9986857,56,18
177,Michigan,2298,43,0,64,MI,9986857,54,14
178,Michigan,1795,24,0,63,MI,9986857,51,8
179,Michigan,1329,15,0,62,MI,9986857,48,4
180,Michigan,1038,9,0,61,MI,9986857,46,-1
181,Michigan,808,8,0,60,MI,9986857,43,-2
182,Michigan,552,3,0,59,MI,9986857,40,-12
183,Michigan,334,3,0,58,MI,9986857,35,-12
184,Michigan,119,1,0,57,MI,9986857,24,-23
185,Michigan,65,0,0,56,MI,9986857,18,0
186,Michigan,55,0,0,55,MI,9986857,17,0
187,Michigan,53,0,0,54,MI,9986857,16,0
188,Michigan,33,0,0,53,MI,9986857,11,0
189,Michigan,25,0,0,52,MI,9986857,9,0
190,Michigan,12,0,0,51,MI,9986857,1,0
191,Michigan,2,0,0,50,MI,9986857,-16,0
192,California,23311,682,978,83,CA,39512223,63,28
193,California,23209,675,978,82,CA,39512223,63,28
194,California,22416,634,942,81,CA,39512223,63,27
195,California,21203,590,779,80,CA,39512223,62,27
196,California,19955,552,586,79,CA,39512223,62,26
197,California,19031,507,430,78,CA,39512223,61,25
198,California,17625,452,341,77,CA,39512223,61,24
199,California,16347,388,285,76,CA,39512223,60,22
200,California,15158,349,277,75,CA,39512223,59,21
201,California,13897,322,257,74,CA,39512223,58,20
202,California,12507,279,212,73,CA,39512223,57,19
203,California,11112,243,164,72,CA,39512223,56,18
204,California,9870,215,111,71,CA,39512223,55,16
205,California,8553,182,6,70,CA,39512223,53,15
206,California,7385,146,6,69,CA,39512223,52,13
207,California,6284,132,6,68,CA,39512223,50,12
208,California,5632,120,6,67,CA,39512223,49,11
209,California,4885,101,6,66,CA,39512223,48,9
210,California,4032,82,6,65,CA,39512223,46,7
211,California,3150,67,6,64,CA,39512223,43,5
212,California,2565,53,6,63,CA,39512223,41,2
213,California,2212,43,6,62,CA,39512223,40,0
214,California,1808,35,6,61,CA,39512223,38,-1
215,California,1507,28,6,60,CA,39512223,36,-3
216,California,1243,24,6,59,CA,39512223,34,-4
217,California,1042,18,6,58,CA,39512223,32,-7
218,California,870,16,6,57,CA,39512223,30,-9
219,California,717,13,6,56,CA,39512223,28,-11
220,California,562,11,6,55,CA,39512223,26,-12
221,California,457,6,6,54,CA,39512223,24,-18
222,California,369,5,6,53,CA,39512223,22,-20
223,California,295,5,6,52,CA,39512223,20,-20
224,California,241,4,6,51,CA,39512223,18,-22
225,California,178,4,2,50,CA,39512223,15,-22
226,California,157,2,2,49,CA,39512223,13,-29
227,California,142,2,2,48,CA,39512223,12,-29
228,California,102,1,2,47,CA,39512223,9,-36
229,California,107,1,2,46,CA,39512223,9,-36
230,California,87,1,2,45,CA,39512223,7,-36
231,California,53,1,2,44,CA,39512223,2,-36
232,California,40,1,2,43,CA,39512223,0,-36
233,California,30,0,2,42,CA,39512223,-2,0
234,California,25,0,2,41,CA,39512223,-4,0
235,California,15,0,2,40,CA,39512223,-9,0
236,California,12,0,2,39,CA,39512223,-11,0
237,California,12,0,2,38,CA,39512223,-11,0
238,California,11,0,2,37,CA,39512223,-12,0
239,California,11,0,2,36,CA,39512223,-12,0
240,California,10,0,2,35,CA,39512223,-13,0
241,California,10,0,2,34,CA,39512223,-13,0
242,California,10,0,2,33,CA,39512223,-13,0
243,California,10,0,2,32,CA,39512223,-13,0
244,California,10,0,2,31,CA,39512223,-13,0
245,California,9,0,0,30,CA,39512223,-14,0
246,California,8,0,0,29,CA,39512223,-15,0
247,California,8,0,0,28,CA,39512223,-15,0
248,California,8,0,0,27,CA,39512223,-15,0
249,California,8,0,0,26,CA,39512223,-15,0
250,California,8,0,0,25,CA,39512223,-15,0
251,California,8,0,0,24,CA,39512223,-15,0
252,California,8,0,0,23,CA,39512223,-15,0
253,California,8,0,0,22,CA,39512223,-15,0
254,California,7,0,0,21,CA,39512223,-17,0
255,California,7,0,0,20,CA,39512223,-17,0
256,California,6,0,0,19,CA,39512223,-18,0
257,California,6,0,0,18,CA,39512223,-18,0
258,California,6,0,0,17,CA,39512223,-18,0
259,California,6,0,0,16,CA,39512223,-18,0
260,California,6,0,0,15,CA,39512223,-18,0
261,California,6,0,0,14,CA,39512223,-18,0
262,California,4,0,0,13,CA,39512223,-22,0
263,California,4,0,0,12,CA,39512223,-22,0
264,California,3,0,0,11,CA,39512223,-25,0
265,California,3,0,0,10,CA,39512223,-25,0
266,California,2,0,0,9,CA,39512223,-29,0
267,California,2,0,0,8,CA,39512223,-29,0
268,California,2,0,0,7,CA,39512223,-29,0
269,California,2,0,0,6,CA,39512223,-29,0
270,California,2,0,0,5,CA,39512223,-29,0
271,Pennsylvania,22997,557,179,83,PA,12801989,74,37
272,Pennsylvania,22997,557,179,82,PA,12801989,74,37
273,Pennsylvania,21942,530,179,81,PA,12801989,74,37
274,Pennsylvania,20408,449,170,80,PA,12801989,73,35
275,Pennsylvania,18633,365,170,79,PA,12801989,72,33
276,Pennsylvania,16746,319,134,78,PA,12801989,71,32
277,Pennsylvania,14956,250,134,77,PA,12801989,70,29
278,Pennsylvania,13206,179,76,76,PA,12801989,69,26
279,Pennsylvania,11589,151,76,75,PA,12801989,68,24
280,Pennsylvania,10507,139,76,74,PA,12801989,67,23
281,Pennsylvania,8570,102,67,73,PA,12801989,65,20
282,Pennsylvania,7345,92,67,72,PA,12801989,63,19
283,Pennsylvania,6063,74,58,71,PA,12801989,61,17
284,Pennsylvania,4994,67,0,70,PA,12801989,59,16
285,Pennsylvania,4155,51,0,69,PA,12801989,57,13
286,Pennsylvania,3465,43,0,68,PA,12801989,56,12
287,Pennsylvania,2909,35,0,67,PA,12801989,54,10
288,Pennsylvania,2345,23,0,66,PA,12801989,52,5
289,Pennsylvania,1795,18,0,65,PA,12801989,49,3
290,Pennsylvania,1284,15,0,64,PA,12801989,46,1
291,Pennsylvania,946,8,0,63,PA,12801989,43,-4
292,Pennsylvania,698,6,0,62,PA,12801989,39,-7
293,Pennsylvania,509,4,0,61,PA,12801989,36,-11
294,Pennsylvania,399,2,0,60,PA,12801989,34,-18
295,Pennsylvania,311,1,0,59,PA,12801989,31,-25
296,Pennsylvania,206,1,0,58,PA,12801989,27,-25
297,Pennsylvania,157,1,0,57,PA,12801989,25,-25
298,Pennsylvania,115,0,0,56,PA,12801989,21,0
299,Pennsylvania,80,0,0,55,PA,12801989,18,0
300,Pennsylvania,66,0,0,54,PA,12801989,16,0
301,Pennsylvania,47,0,0,53,PA,12801989,13,0
302,Pennsylvania,41,0,0,52,PA,12801989,11,0
303,Pennsylvania,22,0,0,51,PA,12801989,5,0
304,Pennsylvania,16,0,0,50,PA,12801989,2,0
305,Pennsylvania,14,0,0,49,PA,12801989,0,0
306,Pennsylvania,10,0,0,48,PA,12801989,-2,0
307,Pennsylvania,6,0,0,47,PA,12801989,-7,0
308,Pennsylvania,4,0,0,46,PA,12801989,-11,0
309,Pennsylvania,2,0,0,45,PA,12801989,-18,0
310,Illinois,20852,720,227,83,IL,12671821,74,40
311,Illinois,20852,720,227,82,IL,12671821,74,40
312,Illinois,19180,677,216,81,IL,12671821,73,39
313,Illinois,17903,597,213,80,IL,12671821,72,38
314,Illinois,16422,528,158,79,IL,12671821,71,37
315,Illinois,15079,462,122,78,IL,12671821,70,35
316,Illinois,13553,380,26,77,IL,12671821,69,34
317,Illinois,12262,308,24,76,IL,12671821,68,31
318,Illinois,11259,274,19,75,IL,12671821,67,30
319,Illinois,10360,245,18,74,IL,12671821,67,29
320,Illinois,8904,210,7,73,IL,12671821,65,28
321,Illinois,7697,167,7,72,IL,12671821,64,25
322,Illinois,6980,145,2,71,IL,12671821,63,24
323,Illinois,5994,99,2,70,IL,12671821,61,20
324,Illinois,5057,73,2,69,IL,12671821,59,17
325,Illinois,4596,66,2,68,IL,12671821,58,16
326,Illinois,3498,47,2,67,IL,12671821,56,13
327,Illinois,3027,34,2,66,IL,12671821,54,9
328,Illinois,2542,26,2,65,IL,12671821,53,7
329,Illinois,1869,19,2,64,IL,12671821,49,4
330,Illinois,1537,16,2,63,IL,12671821,47,2
331,Illinois,1285,12,2,62,IL,12671821,46,0
332,Illinois,1049,9,2,61,IL,12671821,44,-3
333,Illinois,753,6,2,60,IL,12671821,40,-7
334,Illinois,585,5,2,59,IL,12671821,38,-9
335,Illinois,422,4,2,58,IL,12671821,35,-11
336,Illinois,290,1,2,57,IL,12671821,31,-25
337,Illinois,161,1,2,56,IL,12671821,25,-25
338,Illinois,105,0,2,55,IL,12671821,21,0
339,Illinois,93,0,2,54,IL,12671821,19,0
340,Illinois,66,0,2,53,IL,12671821,16,0
341,Illinois,46,0,2,52,IL,12671821,12,0
342,Illinois,32,0,2,51,IL,12671821,9,0
343,Illinois,25,0,2,50,IL,12671821,6,0
344,Illinois,19,0,2,49,IL,12671821,4,0
345,Illinois,11,0,2,48,IL,12671821,-1,0
346,Illinois,7,0,2,47,IL,12671821,-5,0
347,Illinois,6,0,2,46,IL,12671821,-7,0
348,Illinois,5,0,2,45,IL,12671821,-9,0
349,Illinois,5,0,2,44,IL,12671821,-9,0
350,Illinois,4,0,2,43,IL,12671821,-11,0
351,Illinois,4,0,2,42,IL,12671821,-11,0
352,Illinois,4,0,2,41,IL,12671821,-11,0
353,Illinois,3,0,2,40,IL,12671821,-14,0
354,Illinois,3,0,2,39,IL,12671821,-14,0
355,Illinois,2,0,2,38,IL,12671821,-18,0
356,Illinois,2,0,2,37,IL,12671821,-18,0
357,Illinois,2,0,2,36,IL,12671821,-18,0
358,Illinois,2,0,2,35,IL,12671821,-18,0
359,Illinois,2,0,2,34,IL,12671821,-18,0
360,Illinois,2,0,2,33,IL,12671821,-18,0
361,Illinois,2,0,2,32,IL,12671821,-18,0
362,Illinois,2,0,2,31,IL,12671821,-18,0
363,Illinois,2,0,2,30,IL,12671821,-18,0
364,Illinois,2,0,2,29,IL,12671821,-18,0
365,Illinois,2,0,2,28,IL,12671821,-18,0
366,Illinois,2,0,2,27,IL,12671821,-18,0
367,Illinois,2,0,2,26,IL,12671821,-18,0
368,Illinois,2,0,2,25,IL,12671821,-18,0
369,Illinois,2,0,2,24,IL,12671821,-18,0
370,Illinois,2,0,2,23,IL,12671821,-18,0
371,Illinois,2,0,2,22,IL,12671821,-18,0
372,Illinois,2,0,2,21,IL,12671821,-18,0
373,Illinois,2,0,2,20,IL,12671821,-18,0
374,Illinois,2,0,2,19,IL,12671821,-18,0
375,Illinois,2,0,2,18,IL,12671821,-18,0
376,Illinois,2,0,2,17,IL,12671821,-18,0
377,Illinois,2,0,0,16,IL,12671821,-18,0
378,Illinois,2,0,0,15,IL,12671821,-18,0
379,Illinois,2,0,0,14,IL,12671821,-18,0
380,Illinois,2,0,0,13,IL,12671821,-18,0
381,Illinois,2,0,0,12,IL,12671821,-18,0
382,Illinois,2,0,0,11,IL,12671821,-18,0
383,Illinois,2,0,0,10,IL,12671821,-18,0
384,Illinois,2,0,0,9,IL,12671821,-18,0
385,Illinois,1,0,0,8,IL,12671821,-25,0
386,Illinois,1,0,0,7,IL,12671821,-25,0
387,Illinois,1,0,0,6,IL,12671821,-25,0
388,Illinois,1,0,0,5,IL,12671821,-25,0
389,Illinois,1,0,0,4,IL,12671821,-25,0
390,Illinois,1,0,0,3,IL,12671821,-25,0
391,Louisiana,20595,840,0,83,LA,4648794,83,51
392,Louisiana,20595,840,0,82,LA,4648794,83,51
393,Louisiana,20014,806,0,81,LA,4648794,83,51
394,Louisiana,19253,755,0,80,LA,4648794,83,50
395,Louisiana,18283,702,0,79,LA,4648794,82,50
396,Louisiana,17030,652,0,78,LA,4648794,82,49
397,Louisiana,16284,582,0,77,LA,4648794,81,48
398,Louisiana,14867,512,0,76,LA,4648794,80,47
399,Louisiana,13010,477,0,75,LA,4648794,79,46
400,Louisiana,12496,409,0,74,LA,4648794,78,44
401,Louisiana,10297,370,0,73,LA,4648794,77,43
402,Louisiana,9159,310,0,72,LA,4648794,75,41
403,Louisiana,6424,273,0,71,LA,4648794,72,40
404,Louisiana,5237,239,0,70,LA,4648794,70,39
405,Louisiana,4025,185,0,69,LA,4648794,67,36
406,Louisiana,3540,151,0,68,LA,4648794,66,34
407,Louisiana,3315,137,0,67,LA,4648794,65,33
408,Louisiana,2746,119,0,66,LA,4648794,63,32
409,Louisiana,2305,83,0,65,LA,4648794,62,28
410,Louisiana,1795,65,0,64,LA,4648794,59,26
411,Louisiana,1388,46,0,63,LA,4648794,56,22
412,Louisiana,1172,35,0,62,LA,4648794,55,20
413,Louisiana,837,20,0,61,LA,4648794,51,14
414,Louisiana,763,20,0,60,LA,4648794,51,14
415,Louisiana,537,14,0,59,LA,4648794,47,11
416,Louisiana,392,10,0,58,LA,4648794,44,7
417,Louisiana,280,8,0,57,LA,4648794,40,5
418,Louisiana,196,4,0,56,LA,4648794,37,-1
419,Louisiana,136,3,0,55,LA,4648794,33,-4
420,Louisiana,103,2,0,54,LA,4648794,30,-8
421,Louisiana,77,1,0,53,LA,4648794,28,-15
422,Louisiana,36,0,0,52,LA,4648794,20,0
423,Louisiana,19,0,0,51,LA,4648794,14,0
424,Louisiana,13,0,0,50,LA,4648794,10,0
425,Louisiana,3,0,0,49,LA,4648794,-4,0
426,Louisiana,1,0,0,48,LA,4648794,-15,0
427,Florida,19895,461,0,83,FL,21477737,68,30
428,Florida,19895,461,0,82,FL,21477737,68,30
429,Florida,18986,446,0,81,FL,21477737,67,30
430,Florida,17968,419,0,80,FL,21477737,67,29
431,Florida,16826,371,0,79,FL,21477737,66,28
432,Florida,15698,323,0,78,FL,21477737,65,27
433,Florida,14747,296,0,77,FL,21477737,65,26
434,Florida,13629,254,0,76,FL,21477737,64,24
435,Florida,12350,221,0,75,FL,21477737,63,23
436,Florida,11545,195,0,74,FL,21477737,62,22
437,Florida,10268,170,0,73,FL,21477737,61,20
438,Florida,9008,144,0,72,FL,21477737,60,19
439,Florida,7773,87,0,71,FL,21477737,58,13
440,Florida,6741,85,0,70,FL,21477737,57,13
441,Florida,5704,71,0,69,FL,21477737,55,11
442,Florida,4950,60,0,68,FL,21477737,54,10
443,Florida,4038,56,0,67,FL,21477737,52,9
444,Florida,3198,46,0,66,FL,21477737,50,7
445,Florida,2484,29,0,65,FL,21477737,47,3
446,Florida,1977,23,0,64,FL,21477737,45,0
447,Florida,1467,23,0,63,FL,21477737,42,0
448,Florida,1227,18,0,62,FL,21477737,40,-1
449,Florida,1007,13,0,61,FL,21477737,38,-5
450,Florida,763,13,0,60,FL,21477737,35,-5
451,Florida,563,11,0,59,FL,21477737,32,-6
452,Florida,432,9,0,58,FL,21477737,30,-8
453,Florida,344,8,0,57,FL,21477737,27,-9
454,Florida,217,7,0,56,FL,21477737,23,-11
455,Florida,162,5,0,55,FL,21477737,20,-14
456,Florida,149,5,0,54,FL,21477737,19,-14
457,Florida,77,4,0,53,FL,21477737,12,-16
458,Florida,50,2,0,52,FL,21477737,8,-23
459,Florida,35,2,0,51,FL,21477737,4,-23
460,Florida,29,2,0,50,FL,21477737,3,-23
461,Florida,28,2,0,49,FL,21477737,2,-23
462,Florida,14,2,0,48,FL,21477737,-4,-23
463,Florida,13,2,0,47,FL,21477737,-5,-23
464,Florida,11,2,0,46,FL,21477737,-6,-23
465,Florida,4,0,0,45,FL,21477737,-16,0
466,Florida,4,0,0,44,FL,21477737,-16,0
467,Florida,3,0,0,43,FL,21477737,-19,0
468,Florida,3,0,0,42,FL,21477737,-19,0
469,Florida,2,0,0,41,FL,21477737,-23,0
470,Texas,13886,296,2068,83,TX,28995881,61,23
471,Texas,13807,292,2068,82,TX,28995881,61,23
472,Texas,13352,273,1873,81,TX,28995881,61,22
473,Texas,12380,248,1656,80,TX,28995881,60,21
474,Texas,11483,223,1365,79,TX,28995881,59,20
475,Texas,10077,193,1194,78,TX,28995881,58,18
476,Texas,9195,176,976,77,TX,28995881,57,18
477,Texas,8154,153,763,76,TX,28995881,56,16
478,Texas,7288,139,675,75,TX,28995881,55,15
479,Texas,6871,122,640,74,TX,28995881,54,14
480,Texas,6025,104,528,73,TX,28995881,53,12
481,Texas,5244,83,370,72,TX,28995881,51,10
482,Texas,4607,68,253,71,TX,28995881,50,8
483,Texas,3925,58,0,70,TX,28995881,49,6
484,Texas,3305,47,0,69,TX,28995881,47,4
485,Texas,2823,37,0,68,TX,28995881,45,2
486,Texas,2527,34,0,67,TX,28995881,44,1
487,Texas,2009,26,0,66,TX,28995881,42,-1
488,Texas,1651,24,0,65,TX,28995881,40,-1
489,Texas,1337,17,0,64,TX,28995881,38,-5
490,Texas,999,12,0,63,TX,28995881,35,-8
491,Texas,794,9,0,62,TX,28995881,33,-11
492,Texas,664,8,0,61,TX,28995881,31,-12
493,Texas,555,5,0,60,TX,28995881,29,-17
494,Texas,429,5,0,59,TX,28995881,26,-17
495,Texas,319,5,0,58,TX,28995881,23,-17
496,Texas,223,3,0,57,TX,28995881,20,-22
497,Texas,130,2,0,56,TX,28995881,15,-26
498,Texas,92,0,0,55,TX,28995881,11,0
499,Texas,76,0,0,54,TX,28995881,9,0
500,Texas,62,0,0,53,TX,28995881,7,0
501,Texas,47,0,0,52,TX,28995881,4,0
502,Texas,27,0,0,51,TX,28995881,0,0
503,Texas,22,0,0,50,TX,28995881,-2,0
504,Texas,21,0,0,49,TX,28995881,-3,0
505,Texas,13,0,0,48,TX,28995881,-8,0
506,Texas,13,0,0,47,TX,28995881,-8,0
507,Texas,13,0,0,46,TX,28995881,-8,0
508,Texas,9,0,0,45,TX,28995881,-11,0
509,Texas,7,0,0,44,TX,28995881,-14,0
510,Texas,5,0,0,43,TX,28995881,-17,0
511,Texas,4,0,0,42,TX,28995881,-19,0
512,Texas,4,0,0,41,TX,28995881,-19,0
513,Texas,1,0,0,40,TX,28995881,-33,0
514,Texas,1,0,0,39,TX,28995881,-33,0
515,Texas,1,0,0,38,TX,28995881,-33,0
516,Texas,1,0,0,37,TX,28995881,-33,0
517,Texas,1,0,0,36,TX,28995881,-33,0
518,Texas,1,0,0,35,TX,28995881,-33,0
519,Texas,1,0,0,34,TX,28995881,-33,0
520,Texas,1,0,0,33,TX,28995881,-33,0
521,Texas,1,0,0,32,TX,28995881,-33,0
522,Texas,1,0,0,31,TX,28995881,-33,0
523,Texas,1,0,0,30,TX,28995881,-33,0
524,Texas,1,0,0,29,TX,28995881,-33,0
525,Texas,1,0,0,28,TX,28995881,-33,0
526,Texas,1,0,0,27,TX,28995881,-33,0
527,Texas,1,0,0,26,TX,28995881,-33,0
528,Texas,1,0,0,25,TX,28995881,-33,0
529,Texas,1,0,0,24,TX,28995881,-33,0
530,Texas,1,0,0,23,TX,28995881,-33,0
531,Georgia,12550,442,340,83,GA,10617423,70,37
532,Georgia,12550,442,340,82,GA,10617423,70,37
533,Georgia,12261,433,340,81,GA,10617423,70,37
534,Georgia,11859,425,0,80,GA,10617423,70,36
535,Georgia,10885,412,0,79,GA,10617423,69,36
536,Georgia,10189,370,0,78,GA,10617423,68,35
537,Georgia,9156,348,0,77,GA,10617423,67,34
538,Georgia,7558,294,0,76,GA,10617423,65,33
539,Georgia,6742,219,0,75,GA,10617423,64,30
540,Georgia,6383,208,0,74,GA,10617423,63,29
541,Georgia,5967,198,0,73,GA,10617423,63,29
542,Georgia,5444,176,0,72,GA,10617423,62,28
543,Georgia,4748,154,0,71,GA,10617423,61,26
544,Georgia,4117,125,0,70,GA,10617423,59,24
545,Georgia,3032,102,0,69,GA,10617423,56,22
546,Georgia,2683,84,0,68,GA,10617423,55,20
547,Georgia,2446,79,0,67,GA,10617423,54,20
548,Georgia,2201,65,0,66,GA,10617423,53,18
549,Georgia,1643,56,0,65,GA,10617423,50,16
550,Georgia,1404,47,0,64,GA,10617423,48,14
551,Georgia,1097,38,0,63,GA,10617423,46,12
552,Georgia,803,26,0,62,GA,10617423,43,8
553,Georgia,621,25,0,61,GA,10617423,40,8
554,Georgia,555,20,0,60,GA,10617423,39,6
555,Georgia,485,14,0,59,GA,10617423,38,2
556,Georgia,288,10,0,58,GA,10617423,33,0
557,Georgia,197,4,0,57,GA,10617423,29,-9
558,Georgia,146,1,0,56,GA,10617423,26,-23
559,Georgia,121,1,0,55,GA,10617423,24,-23
560,Georgia,111,1,0,54,GA,10617423,23,-23
561,Georgia,73,1,0,53,GA,10617423,19,-23
562,Georgia,42,1,0,52,GA,10617423,13,-23
563,Georgia,31,1,0,51,GA,10617423,10,-23
564,Georgia,31,0,0,50,GA,10617423,10,0
565,Georgia,22,0,0,49,GA,10617423,7,0
566,Georgia,17,0,0,48,GA,10617423,4,0
567,Georgia,7,0,0,47,GA,10617423,-4,0
568,Georgia,7,0,0,46,GA,10617423,-4,0
569,Georgia,3,0,0,45,GA,10617423,-12,0
570,Georgia,2,0,0,44,GA,10617423,-16,0
571,Georgia,2,0,0,43,GA,10617423,-16,0
572,Georgia,2,0,0,42,GA,10617423,-16,0
573,Connecticut,12035,554,34,83,CT,3565287,81,50
574,Connecticut,12035,554,34,82,CT,3565287,81,50
575,Connecticut,11510,494,34,81,CT,3565287,80,49
576,Connecticut,10538,448,0,80,CT,3565287,79,48
577,Connecticut,9784,380,0,79,CT,3565287,79,46
578,Connecticut,8781,335,0,78,CT,3565287,78,45
579,Connecticut,7781,277,0,77,CT,3565287,76,43
580,Connecticut,6906,206,0,76,CT,3565287,75,40
581,Connecticut,5675,189,0,75,CT,3565287,73,39
582,Connecticut,5276,165,0,74,CT,3565287,72,38
583,Connecticut,4914,131,0,73,CT,3565287,72,36
584,Connecticut,3824,112,0,72,CT,3565287,69,34
585,Connecticut,3557,85,0,71,CT,3565287,69,31
586,Connecticut,3128,69,0,70,CT,3565287,67,29
587,Connecticut,2571,36,0,69,CT,3565287,65,23
588,Connecticut,1993,34,0,68,CT,3565287,63,22
589,Connecticut,1524,33,0,67,CT,3565287,60,22
590,Connecticut,1291,27,0,66,CT,3565287,58,20
591,Connecticut,1012,21,0,65,CT,3565287,56,17
592,Connecticut,875,19,0,64,CT,3565287,55,16
593,Connecticut,618,12,0,63,CT,3565287,51,12
594,Connecticut,415,10,0,62,CT,3565287,47,10
595,Connecticut,327,8,0,61,CT,3565287,45,8
596,Connecticut,223,5,0,60,CT,3565287,41,3
597,Connecticut,194,4,0,59,CT,3565287,39,1
598,Connecticut,159,3,0,58,CT,3565287,37,-1
599,Connecticut,97,1,0,57,CT,3565287,33,-12
600,Connecticut,68,0,0,56,CT,3565287,29,0
601,Connecticut,41,0,0,55,CT,3565287,24,0
602,Connecticut,26,0,0,54,CT,3565287,19,0
603,Connecticut,23,0,0,53,CT,3565287,18,0
604,Connecticut,11,0,0,52,CT,3565287,11,0
605,Connecticut,5,0,0,51,CT,3565287,3,0
606,Connecticut,3,0,0,50,CT,3565287,-1,0
607,Connecticut,2,0,0,49,CT,3565287,-5,0
608,Connecticut,2,0,0,48,CT,3565287,-5,0
609,Connecticut,1,0,0,47,CT,3565287,-12,0
610,Connecticut,2,0,0,46,CT,3565287,-5,0
611,Connecticut,1,0,0,45,CT,3565287,-12,0
612,WA,10530,510,1325,83,WA,7614893,72,42
613,WA,10530,510,1325,82,WA,7614893,72,42
614,WA,10416,496,1287,81,WA,7614893,72,41
615,WA,10201,487,1146,80,WA,7614893,72,41
616,WA,9753,457,1076,79,WA,7614893,71,40
617,WA,9277,432,925,78,WA,7614893,71,40
618,WA,8696,408,891,77,WA,7614893,70,39
619,WA,8384,383,839,76,WA,7614893,70,39
620,WA,7984,343,667,75,WA,7614893,69,38
621,WA,7632,318,622,74,WA,7614893,69,37
622,WA,6967,295,582,73,WA,7614893,68,36
623,WA,6595,272,568,72,WA,7614893,67,35
624,WA,5923,254,563,71,WA,7614893,66,35
625,WA,5453,225,1,70,WA,7614893,65,33
626,WA,5187,219,1,69,WA,7614893,65,33
627,WA,4493,200,1,68,WA,7614893,63,32
628,WA,4311,189,1,67,WA,7614893,63,32
629,WA,3724,175,1,66,WA,7614893,61,31
630,WA,3207,150,1,65,WA,7614893,60,29
631,WA,2600,133,1,64,WA,7614893,58,28
632,WA,2469,124,1,63,WA,7614893,57,27
633,WA,2221,111,1,62,WA,7614893,56,26
634,WA,2001,95,1,61,WA,7614893,55,25
635,WA,1793,94,1,60,WA,7614893,54,25
636,WA,1524,83,1,59,WA,7614893,52,23
637,WA,1377,74,1,58,WA,7614893,51,22
638,WA,1187,68,1,57,WA,7614893,50,21
639,WA,1012,55,1,56,WA,7614893,48,19
640,WA,908,48,1,55,WA,7614893,47,18
641,WA,770,42,1,54,WA,7614893,46,17
642,WA,642,40,1,53,WA,7614893,44,16
643,WA,568,37,1,52,WA,7614893,43,15
644,WA,457,31,1,51,WA,7614893,40,14
645,WA,373,29,1,50,WA,7614893,38,13
646,WA,274,24,1,49,WA,7614893,35,11
647,WA,167,22,1,48,WA,7614893,30,10
648,WA,136,19,1,47,WA,7614893,28,9
649,WA,108,16,1,46,WA,7614893,26,7
650,WA,84,12,1,45,WA,7614893,24,4
651,WA,75,11,1,44,WA,7614893,22,3
652,WA,39,10,1,43,WA,7614893,16,2
653,WA,27,9,1,42,WA,7614893,12,1
654,WA,18,6,1,41,WA,7614893,8,-2
655,WA,15,2,1,40,WA,7614893,6,-13
656,WA,7,1,1,39,WA,7614893,0,-20
657,WA,1,0,1,38,WA,7614893,-20,0
658,WA,1,0,1,37,WA,7614893,-20,0
659,WA,1,0,1,36,WA,7614893,-20,0
660,WA,1,0,1,35,WA,7614893,-20,0
661,WA,1,0,1,34,WA,7614893,-20,0
662,WA,1,0,1,33,WA,7614893,-20,0
663,WA,1,0,1,32,WA,7614893,-20,0
664,WA,1,0,1,31,WA,7614893,-20,0
665,WA,1,0,1,30,WA,7614893,-20,0
666,WA,1,0,1,29,WA,7614893,-20,0
667,WA,1,0,1,28,WA,7614893,-20,0
668,WA,1,0,1,27,WA,7614893,-20,0
669,WA,1,0,1,26,WA,7614893,-20,0
670,WA,1,0,1,25,WA,7614893,-20,0
671,WA,1,0,1,24,WA,7614893,-20,0
672,WA,1,0,1,23,WA,7614893,-20,0
673,WA,1,0,1,22,WA,7614893,-20,0
674,WA,1,0,0,21,WA,7614893,-20,0
675,WA,1,0,0,20,WA,7614893,-20,0
676,WA,1,0,0,19,WA,7614893,-20,0
677,WA,1,0,0,18,WA,7614893,-20,0
678,WA,1,0,0,17,WA,7614893,-20,0
679,WA,1,0,0,16,WA,7614893,-20,0
680,WA,1,0,0,15,WA,7614893,-20,0
681,WA,1,0,0,14,WA,7614893,-20,0
682,WA,1,0,0,13,WA,7614893,-20,0
683,WA,1,0,0,12,WA,7614893,-20,0
684,WA,1,0,0,11,WA,7614893,-20,0
685,WA,1,0,0,10,WA,7614893,-20,0
686,WA,1,0,0,9,WA,7614893,-20,0
687,WA,1,0,0,8,WA,7614893,-20,0
688,WA,1,0,0,7,WA,7614893,-20,0
689,WA,1,0,0,6,WA,7614893,-20,0
690,WA,1,0,0,5,WA,7614893,-20,0
691,WA,1,0,0,4,WA,7614893,-20,0
692,WA,1,0,0,3,WA,7614893,-20,0
693,WA,1,0,0,2,WA,7614893,-20,0
694,WA,1,0,0,1,WA,7614893,-20,0
695,WA,1,0,0,0,WA,7614893,-20,0
696,Maryland,8225,235,456,83,MD,6045680,72,36
697,Maryland,8225,236,456,82,MD,6045680,72,36
698,Maryland,7694,206,288,81,MD,6045680,71,35
699,Maryland,6968,171,288,80,MD,6045680,70,33
700,Maryland,6185,138,288,79,MD,6045680,69,31
701,Maryland,5529,124,288,78,MD,6045680,68,30
702,Maryland,4371,103,288,77,MD,6045680,65,28
703,Maryland,4045,91,184,76,MD,6045680,65,27
704,Maryland,3617,67,73,75,MD,6045680,63,24
705,Maryland,3172,54,73,74,MD,6045680,62,21
706,Maryland,2758,43,53,73,MD,6045680,61,19
707,Maryland,2331,36,53,72,MD,6045680,59,17
708,Maryland,1986,31,53,71,MD,6045680,57,16
709,Maryland,1660,19,3,70,MD,6045680,56,11
710,Maryland,1413,15,3,69,MD,6045680,54,9
711,Maryland,1239,15,3,68,MD,6045680,53,9
712,Maryland,995,10,3,67,MD,6045680,51,5
713,Maryland,779,5,3,66,MD,6045680,48,-1
714,Maryland,583,4,3,65,MD,6045680,45,-4
715,Maryland,426,4,3,64,MD,6045680,42,-4
716,Maryland,350,4,3,63,MD,6045680,40,-4
717,Maryland,290,3,3,62,MD,6045680,38,-7
718,Maryland,249,3,3,61,MD,6045680,37,-7
719,Maryland,193,3,3,60,MD,6045680,34,-7
720,Maryland,149,2,3,59,MD,6045680,32,-11
721,Maryland,107,1,3,58,MD,6045680,28,-17
722,Maryland,85,1,3,57,MD,6045680,26,-17
723,Maryland,60,0,3,56,MD,6045680,22,0
724,Maryland,42,0,3,55,MD,6045680,19,0
725,Maryland,33,0,0,54,MD,6045680,16,0
726,Maryland,28,0,0,53,MD,6045680,15,0
727,Maryland,19,0,0,52,MD,6045680,11,0
728,Maryland,12,0,0,51,MD,6045680,6,0
729,Maryland,12,0,0,50,MD,6045680,6,0
730,Maryland,9,0,0,49,MD,6045680,3,0
731,Maryland,6,0,0,48,MD,6045680,0,0
732,Maryland,5,0,0,47,MD,6045680,-1,0
733,Maryland,3,0,0,46,MD,6045680,-7,0
734,Maryland,3,0,0,45,MD,6045680,-7,0
735,Maryland,3,0,0,44,MD,6045680,-7,0
736,Indiana,7928,343,105,83,IN,6732219,70,39
737,Indiana,7928,343,105,82,IN,6732219,70,39
738,Indiana,7435,330,58,81,IN,6732219,70,38
739,Indiana,6907,300,58,80,IN,6732219,69,37
740,Indiana,6351,245,28,79,IN,6732219,68,35
741,Indiana,5943,203,28,78,IN,6732219,67,34
742,Indiana,5510,173,0,77,IN,6732219,67,32
743,Indiana,4956,143,0,76,IN,6732219,66,30
744,Indiana,4411,127,0,75,IN,6732219,64,29
745,Indiana,3953,116,0,74,IN,6732219,63,28
746,Indiana,3437,102,0,73,IN,6732219,62,27
747,Indiana,3039,78,0,72,IN,6732219,61,24
748,Indiana,2569,65,0,71,IN,6732219,59,22
749,Indiana,2159,49,0,70,IN,6732219,57,19
750,Indiana,1787,35,0,69,IN,6732219,55,16
751,Indiana,1514,32,0,68,IN,6732219,54,15
752,Indiana,1232,31,0,67,IN,6732219,52,15
753,Indiana,981,25,0,66,IN,6732219,49,13
754,Indiana,656,17,0,65,IN,6732219,45,9
755,Indiana,478,14,0,64,IN,6732219,42,7
756,Indiana,369,12,0,63,IN,6732219,40,5
757,Indiana,271,7,0,62,IN,6732219,36,0
758,Indiana,204,7,0,61,IN,6732219,34,0
759,Indiana,128,4,0,60,IN,6732219,29,-5
760,Indiana,86,3,0,59,IN,6732219,25,-8
761,Indiana,60,2,0,58,IN,6732219,21,-12
762,Indiana,39,2,0,57,IN,6732219,17,-12
763,Indiana,30,2,0,56,IN,6732219,14,-12
764,Indiana,25,1,0,55,IN,6732219,13,-19
765,Indiana,21,0,0,54,IN,6732219,11,0
766,Indiana,16,0,0,53,IN,6732219,8,0
767,Indiana,13,0,0,52,IN,6732219,6,0
768,Indiana,13,0,0,51,IN,6732219,6,0
769,Indiana,11,0,0,50,IN,6732219,4,0
770,Indiana,6,0,0,49,IN,6732219,-1,0
771,Indiana,4,0,0,48,IN,6732219,-5,0
772,Indiana,2,0,0,47,IN,6732219,-12,0
773,Indiana,1,0,0,46,IN,6732219,-19,0
774,Indiana,1,0,0,45,IN,6732219,-19,0
775,Colorado,7307,290,112,83,CO,5758736,71,39
776,Colorado,7307,290,112,82,CO,5758736,71,39
777,Colorado,6893,274,108,81,CO,5758736,70,38
778,Colorado,6513,250,0,80,CO,5758736,70,37
779,Colorado,6202,226,0,79,CO,5758736,69,36
780,Colorado,5655,193,0,78,CO,5758736,68,35
781,Colorado,5429,179,0,77,CO,5758736,68,34
782,Colorado,5183,150,0,76,CO,5758736,68,32
783,Colorado,4950,140,0,75,CO,5758736,67,31
784,Colorado,4565,126,0,74,CO,5758736,66,30
785,Colorado,4173,111,0,73,CO,5758736,65,29
786,Colorado,3728,97,0,72,CO,5758736,64,28
787,Colorado,3342,80,0,71,CO,5758736,63,26
788,Colorado,2968,69,0,70,CO,5758736,62,24
789,Colorado,2627,51,0,69,CO,5758736,61,21
790,Colorado,2308,47,0,68,CO,5758736,59,20
791,Colorado,2063,44,0,67,CO,5758736,58,20
792,Colorado,1740,31,0,66,CO,5758736,57,16
793,Colorado,1430,19,0,65,CO,5758736,55,11
794,Colorado,1087,20,0,64,CO,5758736,52,12
795,Colorado,912,11,0,63,CO,5758736,50,6
796,Colorado,723,7,0,62,CO,5758736,48,1
797,Colorado,595,7,0,61,CO,5758736,46,1
798,Colorado,475,6,0,60,CO,5758736,44,0
799,Colorado,363,4,0,59,CO,5758736,41,-3
800,Colorado,277,4,0,58,CO,5758736,38,-3
801,Colorado,221,2,0,57,CO,5758736,36,-10
802,Colorado,183,2,0,56,CO,5758736,34,-10
803,Colorado,160,1,0,55,CO,5758736,33,-17
804,Colorado,135,1,0,54,CO,5758736,31,-17
805,Colorado,101,1,0,53,CO,5758736,28,-17
806,Colorado,77,1,0,52,CO,5758736,25,-17
807,Colorado,50,0,0,51,CO,5758736,21,0
808,Colorado,34,0,0,50,CO,5758736,17,0
809,Colorado,18,0,0,49,CO,5758736,11,0
810,Colorado,11,0,0,48,CO,5758736,6,0
811,Colorado,8,0,0,47,CO,5758736,3,0
812,Colorado,8,0,0,46,CO,5758736,3,0
813,Colorado,5,0,0,45,CO,5758736,-1,0
814,Colorado,2,0,0,44,CO,5758736,-10,0
815,Ohio,6604,253,12,83,OH,11689100,63,30
816,Ohio,6604,253,12,82,OH,11689100,63,30
817,Ohio,6250,247,12,81,OH,11689100,62,30
818,Ohio,5878,231,12,80,OH,11689100,62,29
819,Ohio,5512,213,0,79,OH,11689100,61,29
820,Ohio,5148,193,0,78,OH,11689100,60,28
821,Ohio,4782,167,0,77,OH,11689100,60,26
822,Ohio,4453,142,0,76,OH,11689100,59,24
823,Ohio,4043,119,0,75,OH,11689100,58,23
824,Ohio,3739,102,0,74,OH,11689100,57,21
825,Ohio,3312,91,0,73,OH,11689100,56,20
826,Ohio,2901,81,0,72,OH,11689100,55,19
827,Ohio,2547,65,0,71,OH,11689100,53,17
828,Ohio,2199,55,0,70,OH,11689100,52,15
829,Ohio,1933,40,0,69,OH,11689100,51,12
830,Ohio,1653,29,0,68,OH,11689100,49,9
831,Ohio,1406,25,0,67,OH,11689100,47,7
832,Ohio,1139,19,0,66,OH,11689100,45,4
833,Ohio,870,15,0,65,OH,11689100,43,2
834,Ohio,704,11,0,64,OH,11689100,40,0
835,Ohio,567,8,0,63,OH,11689100,38,-3
836,Ohio,443,6,0,62,OH,11689100,36,-6
837,Ohio,356,3,0,61,OH,11689100,34,-13
838,Ohio,248,3,0,60,OH,11689100,30,-13
839,Ohio,174,3,0,59,OH,11689100,27,-13
840,Ohio,120,1,0,58,OH,11689100,23,-24
841,Ohio,89,0,0,57,OH,11689100,20,0
842,Ohio,67,0,0,56,OH,11689100,17,0
843,Ohio,50,0,0,55,OH,11689100,14,0
844,Ohio,37,0,0,54,OH,11689100,11,0
845,Ohio,26,0,0,53,OH,11689100,7,0
846,Ohio,16,0,0,52,OH,11689100,3,0
847,Ohio,5,0,0,51,OH,11689100,-8,0
848,Ohio,4,0,0,50,OH,11689100,-10,0
849,Ohio,3,0,0,49,OH,11689100,-13,0
850,Ohio,3,0,0,48,OH,11689100,-13,0
851,Tennessee,5508,106,1504,83,TN,6829174,66,27
852,Tennessee,5508,106,1504,82,TN,6829174,66,27
853,Tennessee,5132,106,1386,81,TN,6829174,66,27
854,Tennessee,4891,98,1145,80,TN,6829174,65,26
855,Tennessee,4634,94,627,79,TN,6829174,65,26
856,Tennessee,4363,80,627,78,TN,6829174,64,24
857,Tennessee,4139,72,356,77,TN,6829174,64,23
858,Tennessee,3802,65,356,76,TN,6829174,63,22
859,Tennessee,3633,53,248,75,TN,6829174,62,20
860,Tennessee,3322,50,248,74,TN,6829174,61,19
861,Tennessee,3068,44,248,73,TN,6829174,61,18
862,Tennessee,2845,36,184,72,TN,6829174,60,16
863,Tennessee,2933,24,170,71,TN,6829174,60,12
864,Tennessee,2391,23,0,70,TN,6829174,58,12
865,Tennessee,1937,14,0,69,TN,6829174,56,7
866,Tennessee,1723,8,0,68,TN,6829174,55,1
867,Tennessee,1512,7,0,67,TN,6829174,53,0
868,Tennessee,1321,6,0,66,TN,6829174,52,-1
869,Tennessee,1099,3,0,65,TN,6829174,50,-8
870,Tennessee,917,3,0,64,TN,6829174,48,-8
871,Tennessee,773,2,0,63,TN,6829174,47,-12
872,Tennessee,615,2,0,62,TN,6829174,45,-12
873,Tennessee,505,2,0,61,TN,6829174,43,-12
874,Tennessee,371,1,0,60,TN,6829174,39,-19
875,Tennessee,263,1,0,59,TN,6829174,36,-19
876,Tennessee,132,0,0,58,TN,6829174,29,0
877,Tennessee,100,0,0,57,TN,6829174,26,0
878,Tennessee,78,0,0,56,TN,6829174,24,0
879,Tennessee,52,0,0,55,TN,6829174,20,0
880,Tennessee,39,0,0,54,TN,6829174,17,0
881,Tennessee,32,0,0,53,TN,6829174,15,0
882,Tennessee,26,0,0,52,TN,6829174,13,0
883,Tennessee,18,0,0,51,TN,6829174,9,0
884,Tennessee,9,0,0,50,TN,6829174,2,0
885,Tennessee,7,0,0,49,TN,6829174,0,0
886,Tennessee,4,0,0,48,TN,6829174,-5,0
887,Tennessee,3,0,0,47,TN,6829174,-8,0
888,Tennessee,1,0,0,46,TN,6829174,-19,0
889,Tennessee,1,0,0,45,TN,6829174,-19,0
890,Tennessee,1,0,0,44,TN,6829174,-19,0
891,Virginia,5274,141,2,83,VA,8535519,64,28
892,Virginia,5274,141,2,82,VA,8535519,64,28
893,Virginia,5077,130,2,81,VA,8535519,63,27
894,Virginia,4509,121,2,80,VA,8535519,62,26
895,Virginia,4042,109,2,79,VA,8535519,61,25
896,Virginia,3645,75,2,78,VA,8535519,60,21
897,Virginia,3335,66,2,77,VA,8535519,59,20
898,Virginia,2878,66,2,76,VA,8535519,58,20
899,Virginia,2640,52,2,75,VA,8535519,57,18
900,Virginia,2407,52,2,74,VA,8535519,56,18
901,Virginia,2012,47,2,73,VA,8535519,54,17
902,Virginia,1706,41,2,72,VA,8535519,52,15
903,Virginia,1484,35,2,71,VA,8535519,51,14
904,Virginia,1250,27,0,70,VA,8535519,49,11
905,Virginia,1020,25,0,69,VA,8535519,47,10
906,Virginia,890,24,0,68,VA,8535519,46,10
907,Virginia,740,17,0,67,VA,8535519,44,6
908,Virginia,610,16,0,66,VA,8535519,42,6
909,Virginia,471,14,0,65,VA,8535519,40,4
910,Virginia,399,13,0,64,VA,8535519,38,4
911,Virginia,305,9,0,63,VA,8535519,35,0
912,Virginia,254,7,0,62,VA,8535519,33,-1
913,Virginia,221,6,0,61,VA,8535519,32,-3
914,Virginia,158,3,0,60,VA,8535519,29,-10
915,Virginia,125,2,0,59,VA,8535519,26,-14
916,Virginia,104,2,0,58,VA,8535519,25,-14
917,Virginia,79,2,0,57,VA,8535519,22,-14
918,Virginia,67,2,0,56,VA,8535519,20,-14
919,Virginia,52,2,0,55,VA,8535519,18,-14
920,Virginia,45,1,0,54,VA,8535519,16,-21
921,Virginia,41,1,0,53,VA,8535519,15,-21
922,Virginia,30,0,0,52,VA,8535519,12,0
923,Virginia,18,0,0,51,VA,8535519,7,0
924,Virginia,9,0,0,50,VA,8535519,0,0
925,Virginia,9,0,0,49,VA,8535519,0,0
926,Virginia,7,0,0,48,VA,8535519,-1,0
927,Virginia,2,0,0,47,VA,8535519,-14,0
928,Virginia,1,0,0,46,VA,8535519,-21,0
929,North Carolina,4602,91,325,83,NC,10488084,60,21
930,North Carolina,4590,90,314,82,NC,10488084,60,21
931,North Carolina,4401,89,313,81,NC,10488084,60,21
932,North Carolina,4090,84,282,80,NC,10488084,59,20
933,North Carolina,3833,76,275,79,NC,10488084,59,19
934,North Carolina,3576,67,210,78,NC,10488084,58,18
935,North Carolina,3304,55,155,77,NC,10488084,57,16
936,North Carolina,3054,45,121,76,NC,10488084,56,14
937,North Carolina,2660,40,86,75,NC,10488084,55,13
938,North Carolina,2516,34,61,74,NC,10488084,54,11
939,North Carolina,2336,29,40,73,NC,10488084,54,10
940,North Carolina,2041,21,37,72,NC,10488084,52,6
941,North Carolina,1754,15,5,71,NC,10488084,51,3
942,North Carolina,1561,12,0,70,NC,10488084,50,1
943,North Carolina,1346,8,0,69,NC,10488084,48,-2
944,North Carolina,1191,7,0,68,NC,10488084,47,-4
945,North Carolina,1062,5,0,67,NC,10488084,46,-7
946,North Carolina,911,5,0,66,NC,10488084,44,-7
947,North Carolina,749,3,0,65,NC,10488084,42,-12
948,North Carolina,621,2,0,64,NC,10488084,40,-16
949,North Carolina,507,0,0,63,NC,10488084,38,0
950,North Carolina,420,0,0,62,NC,10488084,36,0
951,North Carolina,311,0,0,61,NC,10488084,33,0
952,North Carolina,281,0,0,60,NC,10488084,32,0
953,North Carolina,189,0,0,59,NC,10488084,28,0
954,North Carolina,138,0,0,58,NC,10488084,25,0
955,North Carolina,92,0,0,57,NC,10488084,21,0
956,North Carolina,66,0,0,56,NC,10488084,18,0
957,North Carolina,41,0,0,55,NC,10488084,13,0
958,North Carolina,33,0,0,54,NC,10488084,11,0
959,North Carolina,26,0,0,53,NC,10488084,9,0
960,North Carolina,19,0,0,52,NC,10488084,5,0
961,North Carolina,17,0,0,51,NC,10488084,4,0
962,North Carolina,8,0,0,50,NC,10488084,-2,0
963,North Carolina,7,0,0,49,NC,10488084,-4,0
964,North Carolina,7,0,0,48,NC,10488084,-4,0
965,North Carolina,2,0,0,47,NC,10488084,-16,0
966,North Carolina,2,0,0,46,NC,10488084,-16,0
967,North Carolina,2,0,0,45,NC,10488084,-16,0
968,North Carolina,1,0,0,44,NC,10488084,-23,0
969,North Carolina,1,0,0,43,NC,10488084,-23,0
970,North Carolina,1,0,0,42,NC,10488084,-23,0
971,Missouri,4272,118,191,83,MO,6137428,65,29
972,Missouri,4272,118,191,82,MO,6137428,65,29
973,Missouri,4108,116,184,81,MO,6137428,65,29
974,Missouri,3897,99,108,80,MO,6137428,64,27
975,Missouri,3432,93,96,79,MO,6137428,63,27
976,Missouri,3393,93,74,78,MO,6137428,63,27
977,Missouri,3209,86,69,77,MO,6137428,62,26
978,Missouri,2736,62,68,76,MO,6137428,60,23
979,Missouri,2466,47,61,75,MO,6137428,59,20
980,Missouri,2344,43,33,74,MO,6137428,59,19
981,Missouri,2155,33,28,73,MO,6137428,58,16
982,Missouri,1860,22,28,72,MO,6137428,57,12
983,Missouri,1672,22,28,71,MO,6137428,56,12
984,Missouri,1407,15,0,70,MO,6137428,54,8
985,Missouri,1110,13,0,69,MO,6137428,51,7
986,Missouri,923,13,0,68,MO,6137428,50,7
987,Missouri,840,10,0,67,MO,6137428,49,4
988,Missouri,686,9,0,66,MO,6137428,47,3
989,Missouri,530,9,0,65,MO,6137428,44,3
990,Missouri,358,8,0,64,MO,6137428,40,2
991,Missouri,286,8,0,63,MO,6137428,38,2
992,Missouri,195,4,0,62,MO,6137428,34,-4
993,Missouri,144,3,0,61,MO,6137428,31,-7
994,Missouri,86,3,0,60,MO,6137428,26,-7
995,Missouri,73,3,0,59,MO,6137428,24,-7
996,Missouri,41,1,0,58,MO,6137428,18,-18
997,Missouri,24,1,0,57,MO,6137428,13,-18
998,Missouri,15,0,0,56,MO,6137428,8,0
999,Missouri,8,0,0,55,MO,6137428,2,0
1000,Missouri,5,0,0,54,MO,6137428,-2,0
1001,Missouri,5,0,0,53,MO,6137428,-2,0
1002,Missouri,4,0,0,52,MO,6137428,-4,0
1003,Missouri,2,0,0,51,MO,6137428,-11,0
1004,Missouri,1,0,0,50,MO,6137428,-18,0
1005,Missouri,1,0,0,49,MO,6137428,-18,0
1006,Missouri,1,0,0,48,MO,6137428,-18,0
1007,Missouri,1,0,0,47,MO,6137428,-18,0
1008,Missouri,1,0,0,46,MO,6137428,-18,0
1009,Alabama,3583,93,0,83,AL,4903185,65,29
1010,Alabama,3583,93,0,82,AL,4903185,65,29
1011,Alabama,3262,93,0,81,AL,4903185,65,29
1012,Alabama,3008,80,0,80,AL,4903185,64,27
1013,Alabama,2838,78,0,79,AL,4903185,63,27
1014,Alabama,2499,67,0,78,AL,4903185,62,26
1015,Alabama,2197,64,0,77,AL,4903185,61,25
1016,Alabama,2006,53,0,76,AL,4903185,60,23
1017,Alabama,1827,45,0,75,AL,4903185,59,22
1018,Alabama,1633,44,0,74,AL,4903185,58,21
1019,Alabama,1535,38,0,73,AL,4903185,57,20
1020,Alabama,1270,32,0,72,AL,4903185,55,18
1021,Alabama,1107,28,0,71,AL,4903185,54,17
1022,Alabama,993,23,0,70,AL,4903185,53,15
1023,Alabama,947,11,0,69,AL,4903185,52,8
1024,Alabama,830,10,0,68,AL,4903185,51,7
1025,Alabama,721,9,0,67,AL,4903185,49,6
1026,Alabama,639,4,0,66,AL,4903185,48,-2
1027,Alabama,531,1,0,65,AL,4903185,46,-15
1028,Alabama,386,1,0,64,AL,4903185,43,-15
1029,Alabama,242,0,0,63,AL,4903185,38,0
1030,Alabama,196,0,0,62,AL,4903185,36,0
1031,Alabama,157,0,0,61,AL,4903185,34,0
1032,Alabama,131,0,0,60,AL,4903185,32,0
1033,Alabama,106,0,0,59,AL,4903185,30,0
1034,Alabama,78,0,0,58,AL,4903185,27,0
1035,Alabama,52,0,0,57,AL,4903185,23,0
1036,Alabama,39,0,0,56,AL,4903185,20,0
1037,Alabama,29,0,0,55,AL,4903185,17,0
1038,Alabama,22,0,0,54,AL,4903185,15,0
1039,Alabama,9,0,0,53,AL,4903185,6,0
1040,Alabama,5,0,0,52,AL,4903185,0,0
1041,Arizona,3542,115,3,83,AZ,7278717,61,27
1042,Arizona,3542,115,3,82,AZ,7278717,61,27
1043,Arizona,3393,108,3,81,AZ,7278717,61,26
1044,Arizona,3112,97,3,80,AZ,7278717,60,25
1045,Arizona,3018,89,3,79,AZ,7278717,60,25
1046,Arizona,2726,80,3,78,AZ,7278717,59,23
1047,Arizona,2575,73,3,77,AZ,7278717,58,23
1048,Arizona,2456,65,3,76,AZ,7278717,58,21
1049,Arizona,2269,64,3,75,AZ,7278717,57,21
1050,Arizona,2019,52,3,74,AZ,7278717,56,19
1051,Arizona,1769,41,3,73,AZ,7278717,54,17
1052,Arizona,1598,32,3,72,AZ,7278717,53,14
1053,Arizona,1413,29,3,71,AZ,7278717,52,13
1054,Arizona,1289,24,1,70,AZ,7278717,51,11
1055,Arizona,1157,20,1,69,AZ,7278717,50,10
1056,Arizona,919,17,1,68,AZ,7278717,48,8
1057,Arizona,773,15,1,67,AZ,7278717,46,7
1058,Arizona,665,13,1,66,AZ,7278717,45,5
1059,Arizona,508,8,1,65,AZ,7278717,42,0
1060,Arizona,401,6,1,64,AZ,7278717,40,-1
1061,Arizona,326,5,1,63,AZ,7278717,38,-3
1062,Arizona,235,3,1,62,AZ,7278717,34,-8
1063,Arizona,152,2,1,61,AZ,7278717,30,-12
1064,Arizona,104,1,1,60,AZ,7278717,26,-19
1065,Arizona,79,1,1,59,AZ,7278717,23,-19
1066,Arizona,47,0,1,58,AZ,7278717,18,0
1067,Arizona,29,0,1,57,AZ,7278717,13,0
1068,Arizona,20,0,1,56,AZ,7278717,10,0
1069,Arizona,18,0,1,55,AZ,7278717,9,0
1070,Arizona,13,0,1,54,AZ,7278717,5,0
1071,Arizona,12,0,1,53,AZ,7278717,4,0
1072,Arizona,10,0,1,52,AZ,7278717,3,0
1073,Arizona,9,0,1,51,AZ,7278717,2,0
1074,Arizona,9,0,1,50,AZ,7278717,2,0
1075,Arizona,6,0,1,49,AZ,7278717,-1,0
1076,Arizona,6,0,1,48,AZ,7278717,-1,0
1077,Arizona,5,0,1,47,AZ,7278717,-3,0
1078,Arizona,5,0,1,46,AZ,7278717,-3,0
1079,Arizona,3,0,1,45,AZ,7278717,-8,0
1080,Arizona,2,0,1,44,AZ,7278717,-12,0
1081,Arizona,2,0,1,43,AZ,7278717,-12,0
1082,Arizona,2,0,1,42,AZ,7278717,-12,0
1083,Arizona,1,0,1,41,AZ,7278717,-19,0
1084,Arizona,1,0,1,40,AZ,7278717,-19,0
1085,Arizona,1,0,1,39,AZ,7278717,-19,0
1086,Arizona,1,0,1,38,AZ,7278717,-19,0
1087,Arizona,1,0,1,37,AZ,7278717,-19,0
1088,Arizona,1,0,0,36,AZ,7278717,-19,0
1089,Arizona,1,0,0,35,AZ,7278717,-19,0
1090,Arizona,1,0,0,34,AZ,7278717,-19,0
1091,Arizona,1,0,0,33,AZ,7278717,-19,0
1092,Arizona,1,0,0,32,AZ,7278717,-19,0
1093,Arizona,1,0,0,31,AZ,7278717,-19,0
1094,Arizona,1,0,0,30,AZ,7278717,-19,0
1095,Arizona,1,0,0,29,AZ,7278717,-19,0
1096,Arizona,1,0,0,28,AZ,7278717,-19,0
1097,Arizona,1,0,0,27,AZ,7278717,-19,0
1098,Arizona,1,0,0,26,AZ,7278717,-19,0
1099,Arizona,1,0,0,25,AZ,7278717,-19,0
1100,Arizona,1,0,0,24,AZ,7278717,-19,0
1101,Arizona,1,0,0,23,AZ,7278717,-19,0
1102,Arizona,1,0,0,22,AZ,7278717,-19,0
1103,Arizona,1,0,0,21,AZ,7278717,-19,0
1104,Arizona,1,0,0,20,AZ,7278717,-19,0
1105,Arizona,1,0,0,19,AZ,7278717,-19,0
1106,Arizona,1,0,0,18,AZ,7278717,-19,0
1107,Arizona,1,0,0,17,AZ,7278717,-19,0
1108,Arizona,1,0,0,16,AZ,7278717,-19,0
1109,Arizona,1,0,0,15,AZ,7278717,-19,0
1110,Arizona,1,0,0,14,AZ,7278717,-19,0
1111,Arizona,1,0,0,13,AZ,7278717,-19,0
1112,Arizona,1,0,0,12,AZ,7278717,-19,0
1113,Arizona,1,0,0,11,AZ,7278717,-19,0
1114,Arizona,1,0,0,10,AZ,7278717,-19,0
1115,Arizona,1,0,0,9,AZ,7278717,-19,0
1116,Arizona,1,0,0,8,AZ,7278717,-19,0
1117,Arizona,1,0,0,7,AZ,7278717,-19,0
1118,Arizona,1,0,0,6,AZ,7278717,-19,0
1119,Arizona,1,0,0,5,AZ,7278717,-19,0
1120,Wisconsin,3341,144,84,83,WI,5822434,63,32
1121,Wisconsin,3341,144,84,82,WI,5822434,63,32
1122,Wisconsin,3213,137,84,81,WI,5822434,63,31
1123,Wisconsin,3068,128,84,80,WI,5822434,62,30
1124,Wisconsin,2890,111,84,79,WI,5822434,62,29
1125,Wisconsin,2812,103,65,78,WI,5822434,61,28
1126,Wisconsin,2578,92,1,77,WI,5822434,60,27
1127,Wisconsin,2511,85,1,76,WI,5822434,60,26
1128,Wisconsin,2320,75,1,75,WI,5822434,59,25
1129,Wisconsin,2128,60,1,74,WI,5822434,59,23
1130,Wisconsin,2012,51,1,73,WI,5822434,58,21
1131,Wisconsin,1748,38,1,72,WI,5822434,57,18
1132,Wisconsin,1573,28,1,71,WI,5822434,55,15
1133,Wisconsin,1412,25,1,70,WI,5822434,54,14
1134,Wisconsin,1285,24,1,69,WI,5822434,53,14
1135,Wisconsin,1164,18,1,68,WI,5822434,52,11
1136,Wisconsin,1055,17,1,67,WI,5822434,51,10
1137,Wisconsin,926,14,1,66,WI,5822434,50,8
1138,Wisconsin,728,10,1,65,WI,5822434,48,5
1139,Wisconsin,635,7,1,64,WI,5822434,46,1
1140,Wisconsin,481,5,1,63,WI,5822434,44,-1
1141,Wisconsin,425,5,1,62,WI,5822434,42,-1
1142,Wisconsin,383,4,1,61,WI,5822434,41,-3
1143,Wisconsin,282,4,1,60,WI,5822434,38,-3
1144,Wisconsin,219,3,1,59,WI,5822434,36,-6
1145,Wisconsin,160,2,1,58,WI,5822434,33,-10
1146,Wisconsin,111,0,1,57,WI,5822434,29,0
1147,Wisconsin,90,0,1,56,WI,5822434,27,0
1148,Wisconsin,48,0,1,55,WI,5822434,21,0
1149,Wisconsin,34,0,1,54,WI,5822434,17,0
1150,Wisconsin,27,0,1,53,WI,5822434,15,0
1151,Wisconsin,19,0,1,52,WI,5822434,11,0
1152,Wisconsin,8,0,1,51,WI,5822434,3,0
1153,Wisconsin,6,0,1,50,WI,5822434,0,0
1154,Wisconsin,3,0,1,49,WI,5822434,-6,0
1155,Wisconsin,2,0,1,48,WI,5822434,-10,0
1156,Wisconsin,1,0,1,47,WI,5822434,-17,0
1157,Wisconsin,1,0,1,46,WI,5822434,-17,0
1158,Wisconsin,1,0,1,45,WI,5822434,-17,0
1159,Wisconsin,1,0,1,44,WI,5822434,-17,0
1160,Wisconsin,1,0,0,43,WI,5822434,-17,0
1161,Wisconsin,1,0,0,42,WI,5822434,-17,0
1162,Wisconsin,1,0,0,41,WI,5822434,-17,0
1163,Wisconsin,1,0,0,40,WI,5822434,-17,0
1164,Wisconsin,1,0,0,39,WI,5822434,-17,0
1165,Wisconsin,1,0,0,38,WI,5822434,-17,0
1166,Wisconsin,1,0,0,37,WI,5822434,-17,0
1167,Wisconsin,1,0,0,36,WI,5822434,-17,0
1168,Wisconsin,1,0,0,35,WI,5822434,-17,0
1169,Wisconsin,1,0,0,34,WI,5822434,-17,0
1170,Wisconsin,1,0,0,33,WI,5822434,-17,0
1171,Wisconsin,1,0,0,32,WI,5822434,-17,0
1172,Wisconsin,1,0,0,31,WI,5822434,-17,0
1173,Wisconsin,1,0,0,30,WI,5822434,-17,0
1174,Wisconsin,1,0,0,29,WI,5822434,-17,0
1175,Wisconsin,1,0,0,28,WI,5822434,-17,0
1176,WI,1,0,0,27,WI,5822434,-17,0
1177,WI,1,0,0,26,WI,5822434,-17,0
1178,WI,1,0,0,25,WI,5822434,-17,0
1179,WI,1,0,0,24,WI,5822434,-17,0
1180,WI,1,0,0,23,WI,5822434,-17,0
1181,WI,1,0,0,22,WI,5822434,-17,0
1182,WI,1,0,0,21,WI,5822434,-17,0
1183,WI,1,0,0,20,WI,5822434,-17,0
1184,WI,1,0,0,19,WI,5822434,-17,0
1185,WI,1,0,0,18,WI,5822434,-17,0
1186,WI,1,0,0,17,WI,5822434,-17,0
1187,WI,1,0,0,16,WI,5822434,-17,0
1188,WI,1,0,0,15,WI,5822434,-17,0
1189,South Carolina,3320,82,0,83,SC,5148714,64,27
1190,South Carolina,3320,82,0,82,SC,5148714,64,27
1191,South Carolina,3211,80,0,81,SC,5148714,64,27
1192,South Carolina,3067,72,0,80,SC,5148714,63,26
1193,South Carolina,2793,67,0,79,SC,5148714,62,25
1194,South Carolina,2552,63,0,78,SC,5148714,62,25
1195,South Carolina,2417,51,0,77,SC,5148714,61,22
1196,South Carolina,2232,48,0,76,SC,5148714,60,22
1197,South Carolina,2049,44,0,75,SC,5148714,59,21
1198,South Carolina,1917,40,0,74,SC,5148714,59,20
1199,South Carolina,1700,34,0,73,SC,5148714,57,18
1200,South Carolina,1554,31,0,72,SC,5148714,57,17
1201,South Carolina,1293,26,0,71,SC,5148714,55,16
1202,South Carolina,1083,22,0,70,SC,5148714,53,14
1203,South Carolina,925,18,0,69,SC,5148714,51,12
1204,South Carolina,774,16,0,68,SC,5148714,50,11
1205,South Carolina,661,15,0,67,SC,5148714,48,10
1206,South Carolina,542,13,0,66,SC,5148714,46,9
1207,South Carolina,456,9,0,65,SC,5148714,44,5
1208,South Carolina,424,7,0,64,SC,5148714,44,3
1209,South Carolina,342,7,0,63,SC,5148714,41,3
1210,South Carolina,298,5,0,62,SC,5148714,40,0
1211,South Carolina,196,3,0,61,SC,5148714,36,-5
1212,South Carolina,174,3,0,60,SC,5148714,35,-5
1213,South Carolina,126,3,0,59,SC,5148714,31,-5
1214,South Carolina,81,1,0,58,SC,5148714,27,-16
1215,South Carolina,60,1,0,57,SC,5148714,24,-16
1216,South Carolina,47,1,0,56,SC,5148714,22,-16
1217,South Carolina,34,1,0,55,SC,5148714,18,-16
1218,South Carolina,28,0,0,54,SC,5148714,16,0
1219,South Carolina,19,0,0,53,SC,5148714,13,0
1220,South Carolina,13,0,0,52,SC,5148714,9,0
1221,South Carolina,12,0,0,51,SC,5148714,8,0
1222,South Carolina,10,0,0,50,SC,5148714,6,0
1223,South Carolina,9,0,0,49,SC,5148714,5,0
1224,South Carolina,7,0,0,48,SC,5148714,3,0
1225,South Carolina,6,0,0,47,SC,5148714,1,0
1226,South Carolina,2,0,0,46,SC,5148714,-9,0
1227,Nevada,2836,114,994,83,NV,3080156,68,36
1228,Nevada,2836,112,994,82,NV,3080156,68,35
1229,Nevada,2747,111,994,81,NV,3080156,67,35
1230,Nevada,2603,102,868,80,NV,3080156,67,34
1231,Nevada,2456,81,48,79,NV,3080156,66,32
1232,Nevada,2318,72,48,78,NV,3080156,66,31
1233,Nevada,2131,72,38,77,NV,3080156,65,31
1234,Nevada,1970,46,36,76,NV,3080156,64,27
1235,Nevada,1855,46,36,75,NV,3080156,64,27
1236,Nevada,1742,46,29,74,NV,3080156,63,27
1237,Nevada,1559,43,29,73,NV,3080156,62,26
1238,Nevada,1484,38,26,72,NV,3080156,61,25
1239,Nevada,1279,32,10,71,NV,3080156,60,23
1240,Nevada,1138,26,0,70,NV,3080156,59,21
1241,Nevada,1008,17,0,69,NV,3080156,57,17
1242,Nevada,920,15,0,68,NV,3080156,56,15
1243,Nevada,738,14,0,67,NV,3080156,54,15
1244,Nevada,544,10,0,66,NV,3080156,51,11
1245,Nevada,430,10,0,65,NV,3080156,49,11
1246,Nevada,323,6,0,64,NV,3080156,46,6
1247,Nevada,278,4,0,63,NV,3080156,45,2
1248,Nevada,263,4,0,62,NV,3080156,44,2
1249,Nevada,190,2,0,61,NV,3080156,41,-4
1250,Nevada,157,2,0,60,NV,3080156,39,-4
1251,Nevada,161,2,0,59,NV,3080156,39,-4
1252,Nevada,95,1,0,58,NV,3080156,34,-11
1253,Nevada,84,1,0,57,NV,3080156,33,-11
1254,Nevada,56,1,0,56,NV,3080156,29,-11
1255,Nevada,45,1,0,55,NV,3080156,26,-11
1256,Nevada,26,0,0,54,NV,3080156,21,0
1257,Nevada,21,0,0,53,NV,3080156,19,0
1258,Nevada,20,0,0,52,NV,3080156,18,0
1259,Nevada,11,0,0,51,NV,3080156,12,0
1260,Nevada,7,0,0,50,NV,3080156,8,0
1261,Nevada,4,0,0,49,NV,3080156,2,0
1262,Nevada,4,0,0,48,NV,3080156,2,0
1263,Nevada,4,0,0,47,NV,3080156,2,0
1264,Nevada,2,0,0,46,NV,3080156,-4,0
1265,Nevada,2,0,0,45,NV,3080156,-4,0
1266,Nevada,1,0,0,44,NV,3080156,-11,0
1267,Mississippi,2781,96,0,83,MS,2976149,68,34
1268,Mississippi,2781,96,0,82,MS,2976149,68,34
1269,Mississippi,2642,93,0,81,MS,2976149,67,34
1270,Mississippi,2469,82,0,80,MS,2976149,67,33
1271,Mississippi,2260,76,0,79,MS,2976149,66,32
1272,Mississippi,2003,67,0,78,MS,2976149,65,31
1273,Mississippi,1915,60,0,77,MS,2976149,64,30
1274,Mississippi,1738,51,0,76,MS,2976149,63,28
1275,Mississippi,1638,43,0,75,MS,2976149,63,26
1276,Mississippi,1455,35,0,74,MS,2976149,61,24
1277,Mississippi,1358,29,0,73,MS,2976149,61,22
1278,Mississippi,1177,26,0,72,MS,2976149,59,21
1279,Mississippi,1073,22,0,71,MS,2976149,58,20
1280,Mississippi,937,20,0,70,MS,2976149,57,19
1281,Mississippi,847,16,0,69,MS,2976149,56,16
1282,Mississippi,759,14,0,68,MS,2976149,55,15
1283,Mississippi,663,13,0,67,MS,2976149,54,14
1284,Mississippi,579,8,0,66,MS,2976149,52,9
1285,Mississippi,485,6,0,65,MS,2976149,50,7
1286,Mississippi,377,5,0,64,MS,2976149,48,5
1287,Mississippi,320,1,0,63,MS,2976149,46,-10
1288,Mississippi,249,1,0,62,MS,2976149,44,-10
1289,Mississippi,207,1,0,61,MS,2976149,42,-10
1290,Mississippi,140,1,0,60,MS,2976149,38,-10
1291,Mississippi,80,1,0,59,MS,2976149,32,-10
1292,Mississippi,50,1,0,58,MS,2976149,28,-10
1293,Mississippi,34,0,0,57,MS,2976149,24,0
1294,Mississippi,21,0,0,56,MS,2976149,19,0
1295,Mississippi,12,0,0,55,MS,2976149,13,0
1296,Mississippi,10,0,0,54,MS,2976149,12,0
1297,Mississippi,6,0,0,53,MS,2976149,7,0
1298,Mississippi,6,0,0,52,MS,2976149,7,0
1299,Mississippi,1,0,0,51,MS,2976149,-10,0
1300,Mississippi,1,0,0,50,MS,2976149,-10,0
1301,Rhode Island,2665,63,0,83,RI,1059361,78,40
1302,Rhode Island,2665,63,0,82,RI,1059361,78,40
1303,Rhode Island,2349,56,0,81,RI,1059361,77,39
1304,Rhode Island,2015,49,0,80,RI,1059361,75,38
1305,Rhode Island,1727,43,0,79,RI,1059361,73,37
1306,Rhode Island,1450,35,0,78,RI,1059361,72,34
1307,Rhode Island,1229,30,0,77,RI,1059361,70,33
1308,Rhode Island,1082,27,0,76,RI,1059361,69,32
1309,Rhode Island,922,25,0,75,RI,1059361,67,31
1310,Rhode Island,806,17,0,74,RI,1059361,66,27
1311,Rhode Island,711,14,0,73,RI,1059361,65,25
1312,Rhode Island,657,12,0,72,RI,1059361,64,24
1313,Rhode Island,566,10,0,71,RI,1059361,62,22
1314,Rhode Island,488,8,0,70,RI,1059361,61,20
1315,Rhode Island,408,4,0,69,RI,1059361,59,13
1316,Rhode Island,294,3,0,68,RI,1059361,56,10
1317,Rhode Island,239,2,0,67,RI,1059361,54,6
1318,Rhode Island,203,0,0,66,RI,1059361,52,0
1319,Rhode Island,165,0,0,65,RI,1059361,50,0
1320,Rhode Island,132,0,0,64,RI,1059361,48,0
1321,Rhode Island,124,0,0,63,RI,1059361,47,0
1322,Rhode Island,106,0,0,62,RI,1059361,46,0
1323,Rhode Island,83,0,0,61,RI,1059361,43,0
1324,Rhode Island,66,0,0,60,RI,1059361,41,0
1325,Rhode Island,44,0,0,59,RI,1059361,37,0
1326,Rhode Island,44,0,0,58,RI,1059361,37,0
1327,Rhode Island,33,0,0,57,RI,1059361,34,0
1328,Rhode Island,23,0,0,56,RI,1059361,30,0
1329,Rhode Island,21,0,0,55,RI,1059361,29,0
1330,Rhode Island,20,0,0,54,RI,1059361,29,0
1331,Rhode Island,20,0,0,53,RI,1059361,29,0
1332,Rhode Island,14,0,0,52,RI,1059361,25,0
1333,Rhode Island,5,0,0,51,RI,1059361,15,0
1334,Rhode Island,5,0,0,50,RI,1059361,15,0
1335,Rhode Island,5,0,0,49,RI,1059361,15,0
1336,Rhode Island,3,0,0,48,RI,1059361,10,0
1337,Rhode Island,3,0,0,47,RI,1059361,10,0
1338,Rhode Island,3,0,0,46,RI,1059361,10,0
1339,Rhode Island,2,0,0,45,RI,1059361,6,0
1340,Rhode Island,2,0,0,44,RI,1059361,6,0
1341,Rhode Island,2,0,0,43,RI,1059361,6,0
1342,Rhode Island,2,0,0,42,RI,1059361,6,0
1343,Rhode Island,2,0,0,41,RI,1059361,6,0
1344,Rhode Island,1,0,0,40,RI,1059361,0,0
1345,Utah,2303,18,26,83,UT,3205958,65,17
1346,Utah,2303,18,26,82,UT,3205958,65,17
1347,Utah,2207,18,26,81,UT,3205958,65,17
1348,Utah,2103,17,26,80,UT,3205958,64,16
1349,Utah,1977,13,26,79,UT,3205958,64,13
1350,Utah,1848,13,26,78,UT,3205958,63,13
1351,Utah,1739,13,26,77,UT,3205958,62,13
1352,Utah,1680,13,26,76,UT,3205958,62,13
1353,Utah,1605,8,11,75,UT,3205958,62,9
1354,Utah,1429,8,11,74,UT,3205958,60,9
1355,Utah,1248,7,0,73,UT,3205958,59,7
1356,Utah,1088,7,0,72,UT,3205958,58,7
1357,Utah,1012,7,0,71,UT,3205958,57,7
1358,Utah,888,5,0,70,UT,3205958,56,4
1359,Utah,806,4,0,69,UT,3205958,55,2
1360,Utah,724,4,0,68,UT,3205958,54,2
1361,Utah,603,2,0,67,UT,3205958,52,-4
1362,Utah,480,2,0,66,UT,3205958,50,-4
1363,Utah,402,1,0,65,UT,3205958,48,-11
1364,Utah,346,1,0,64,UT,3205958,46,-11
1365,Utah,298,1,0,63,UT,3205958,45,-11
1366,Utah,257,1,0,62,UT,3205958,43,-11
1367,Utah,181,1,0,61,UT,3205958,40,-11
1368,Utah,136,0,0,60,UT,3205958,37,0
1369,Utah,112,0,0,59,UT,3205958,35,0
1370,Utah,78,0,0,58,UT,3205958,31,0
1371,Utah,66,0,0,57,UT,3205958,30,0
1372,Utah,51,0,0,56,UT,3205958,27,0
1373,Utah,39,0,0,55,UT,3205958,24,0
1374,Utah,28,0,0,54,UT,3205958,21,0
1375,Utah,10,0,0,53,UT,3205958,11,0
1376,Utah,9,0,0,52,UT,3205958,10,0
1377,Utah,5,0,0,51,UT,3205958,4,0
1378,Utah,3,0,0,50,UT,3205958,0,0
1379,Utah,2,0,0,49,UT,3205958,-4,0
1380,Utah,1,0,0,48,UT,3205958,-11,0
1381,Utah,1,0,0,47,UT,3205958,-11,0
1382,Utah,1,0,0,46,UT,3205958,-11,0
1383,Kentucky,2018,113,306,83,KY,4467673,61,32
1384,Kentucky,1963,97,306,82,KY,4467673,60,30
1385,Kentucky,1840,94,306,81,KY,4467673,60,30
1386,Kentucky,1693,90,306,80,KY,4467673,59,30
1387,Kentucky,1341,73,306,79,KY,4467673,57,27
1388,Kentucky,1346,73,306,78,KY,4467673,57,27
1389,Kentucky,1149,65,306,77,KY,4467673,55,26
1390,Kentucky,1008,60,306,76,KY,4467673,54,25
1391,Kentucky,955,45,306,75,KY,4467673,53,23
1392,Kentucky,917,40,228,74,KY,4467673,53,21
1393,Kentucky,831,37,64,73,KY,4467673,52,21
1394,Kentucky,770,31,64,72,KY,4467673,51,19
1395,Kentucky,687,20,64,71,KY,4467673,50,14
1396,Kentucky,632,18,1,70,KY,4467673,49,13
1397,Kentucky,491,11,1,69,KY,4467673,46,9
1398,Kentucky,439,9,1,68,KY,4467673,45,7
1399,Kentucky,394,9,1,67,KY,4467673,44,7
1400,Kentucky,302,7,1,66,KY,4467673,42,4
1401,Kentucky,248,5,1,65,KY,4467673,40,1
1402,Kentucky,198,5,1,64,KY,4467673,37,1
1403,Kentucky,163,4,1,63,KY,4467673,35,-1
1404,Kentucky,124,4,1,62,KY,4467673,33,-1
1405,Kentucky,103,3,1,61,KY,4467673,31,-3
1406,Kentucky,87,3,1,60,KY,4467673,29,-3
1407,Kentucky,64,2,1,59,KY,4467673,26,-8
1408,Kentucky,50,2,1,58,KY,4467673,24,-8
1409,Kentucky,35,1,1,57,KY,4467673,20,-14
1410,Kentucky,27,1,1,56,KY,4467673,17,-14
1411,Kentucky,25,1,1,55,KY,4467673,17,-14
1412,Kentucky,21,0,0,54,KY,4467673,15,0
1413,Kentucky,18,0,0,53,KY,4467673,13,0
1414,Kentucky,14,0,0,52,KY,4467673,11,0
1415,Kentucky,11,0,0,51,KY,4467673,9,0
1416,Kentucky,8,0,0,50,KY,4467673,5,0
1417,Kentucky,8,0,0,49,KY,4467673,5,0
1418,Kentucky,6,0,0,48,KY,4467673,2,0
1419,Kentucky,4,0,0,47,KY,4467673,-1,0
1420,Kentucky,1,0,0,46,KY,4467673,-14,0
1421,Kentucky,1,0,0,45,KY,4467673,-14,0
1422,Oklahoma,1970,96,409,83,OK,3956971,62,31
1423,Oklahoma,1970,96,409,82,OK,3956971,62,31
1424,Oklahoma,1868,94,409,81,OK,3956971,61,31
1425,Oklahoma,1794,88,409,80,OK,3956971,61,31
1426,Oklahoma,1686,80,409,79,OK,3956971,60,30
1427,Oklahoma,1526,79,409,78,OK,3956971,59,29
1428,Oklahoma,1474,67,409,77,OK,3956971,59,28
1429,Oklahoma,1329,51,409,76,OK,3956971,58,25
1430,Oklahoma,1254,46,383,75,OK,3956971,57,24
1431,Oklahoma,1161,42,1,74,OK,3956971,56,23
1432,Oklahoma,990,38,1,73,OK,3956971,55,22
1433,Oklahoma,881,34,1,72,OK,3956971,54,21
1434,Oklahoma,721,30,1,71,OK,3956971,52,20
1435,Oklahoma,568,23,0,70,OK,3956971,49,17
1436,Oklahoma,483,17,0,69,OK,3956971,48,14
1437,Oklahoma,431,16,0,68,OK,3956971,46,13
1438,Oklahoma,377,15,0,67,OK,3956971,45,13
1439,Oklahoma,322,8,0,66,OK,3956971,43,7
1440,Oklahoma,248,7,0,65,OK,3956971,41,5
1441,Oklahoma,164,5,0,64,OK,3956971,37,2
1442,Oklahoma,106,3,0,63,OK,3956971,32,-2
1443,Oklahoma,81,2,0,62,OK,3956971,30,-6
1444,Oklahoma,67,2,0,61,OK,3956971,28,-6
1445,Oklahoma,53,1,0,60,OK,3956971,25,-13
1446,Oklahoma,49,1,0,59,OK,3956971,25,-13
1447,Oklahoma,44,1,0,58,OK,3956971,24,-13
1448,Oklahoma,31,0,0,57,OK,3956971,20,0
1449,Oklahoma,19,0,0,56,OK,3956971,15,0
1450,Oklahoma,10,0,0,55,OK,3956971,9,0
1451,Oklahoma,7,0,0,54,OK,3956971,5,0
1452,Oklahoma,4,0,0,53,OK,3956971,0,0
1453,Oklahoma,3,0,0,52,OK,3956971,-2,0
1454,Oklahoma,3,0,0,51,OK,3956971,-2,0
1455,Oklahoma,2,0,0,50,OK,3956971,-6,0
1456,Oklahoma,2,0,0,49,OK,3956971,-6,0
1457,Oklahoma,1,0,0,48,OK,3956971,-13,0
1458,Oklahoma,1,0,0,47,OK,3956971,-13,0
1459,Oklahoma,1,0,0,46,OK,3956971,-13,0
1460,Oklahoma,1,0,0,45,OK,3956971,-13,0
1461,Delaware,1625,35,213,83,DE,973764,74,35
1462,Delaware,1625,35,213,82,DE,973764,74,35
1463,Delaware,1479,33,191,81,DE,973764,73,35
1464,Delaware,1326,32,177,80,DE,973764,72,34
1465,Delaware,1209,23,159,79,DE,973764,71,31
1466,Delaware,1116,19,159,78,DE,973764,70,29
1467,Delaware,928,16,144,77,DE,973764,68,27
1468,Delaware,783,15,71,76,DE,973764,66,27
1469,Delaware,673,14,71,75,DE,973764,65,26
1470,Delaware,593,14,71,74,DE,973764,64,26
1471,Delaware,450,14,71,73,DE,973764,61,26
1472,Delaware,393,12,49,72,DE,973764,60,25
1473,Delaware,368,11,49,71,DE,973764,59,24
1474,Delaware,319,10,0,70,DE,973764,57,23
1475,Delaware,264,7,0,69,DE,973764,56,19
1476,Delaware,232,6,0,68,DE,973764,54,18
1477,Delaware,214,5,0,67,DE,973764,53,16
1478,Delaware,165,2,0,66,DE,973764,51,7
1479,Delaware,143,1,0,65,DE,973764,49,0
1480,Delaware,119,0,0,64,DE,973764,48,0
1481,Delaware,104,0,0,63,DE,973764,46,0
1482,Delaware,87,0,0,62,DE,973764,44,0
1483,Delaware,56,0,0,61,DE,973764,40,0
1484,Delaware,45,0,0,60,DE,973764,38,0
1485,Delaware,39,0,0,59,DE,973764,36,0
1486,Delaware,30,0,0,58,DE,973764,34,0
1487,Delaware,26,0,0,57,DE,973764,32,0
1488,Delaware,16,0,0,56,DE,973764,27,0
1489,Delaware,8,0,0,55,DE,973764,21,0
1490,Delaware,7,0,0,54,DE,973764,19,0
1491,Delaware,6,0,0,53,DE,973764,18,0
1492,Delaware,4,0,0,52,DE,973764,14,0
1493,Delaware,4,0,0,51,DE,973764,14,0
1494,Delaware,1,0,0,50,DE,973764,0,0
1495,Minnesota,1621,70,842,83,MN,5639632,56,25
1496,Minnesota,1621,70,842,82,MN,5639632,56,25
1497,Minnesota,1427,64,732,81,MN,5639632,55,24
1498,Minnesota,1336,57,732,80,MN,5639632,54,23
1499,Minnesota,1242,50,675,79,MN,5639632,53,21
1500,Minnesota,1154,39,632,78,MN,5639632,53,19
1501,Minnesota,1069,34,549,77,MN,5639632,52,17
1502,Minnesota,986,30,470,76,MN,5639632,51,16
1503,Minnesota,935,29,451,75,MN,5639632,51,16
1504,Minnesota,865,24,440,74,MN,5639632,50,14
1505,Minnesota,789,22,410,73,MN,5639632,49,13
1506,Minnesota,742,18,342,72,MN,5639632,48,11
1507,Minnesota,689,17,288,71,MN,5639632,48,11
1508,Minnesota,629,12,0,70,MN,5639632,47,7
1509,Minnesota,576,10,0,69,MN,5639632,46,5
1510,Minnesota,503,9,0,68,MN,5639632,44,4
1511,Minnesota,441,5,0,67,MN,5639632,43,-1
1512,Minnesota,398,4,0,66,MN,5639632,42,-3
1513,Minnesota,346,2,0,65,MN,5639632,41,-10
1514,Minnesota,287,1,0,64,MN,5639632,39,-17
1515,Minnesota,262,1,0,63,MN,5639632,38,-17
1516,Minnesota,235,1,0,62,MN,5639632,37,-17
1517,Minnesota,169,1,0,61,MN,5639632,34,-17
1518,Minnesota,137,1,0,60,MN,5639632,31,-17
1519,Minnesota,115,0,0,59,MN,5639632,30,0
1520,Minnesota,89,0,0,58,MN,5639632,27,0
1521,Minnesota,76,0,0,57,MN,5639632,26,0
1522,Minnesota,60,0,0,56,MN,5639632,23,0
1523,Minnesota,54,0,0,55,MN,5639632,22,0
1524,Minnesota,35,0,0,54,MN,5639632,18,0
1525,Minnesota,21,0,0,53,MN,5639632,13,0
1526,Minnesota,14,0,0,52,MN,5639632,9,0
1527,Minnesota,9,0,0,51,MN,5639632,4,0
1528,Minnesota,5,0,0,50,MN,5639632,-1,0
1529,Minnesota,3,0,0,49,MN,5639632,-6,0
1530,Minnesota,2,0,0,48,MN,5639632,-10,0
1531,Minnesota,2,0,0,47,MN,5639632,-10,0
1532,Minnesota,1,0,0,46,MN,5639632,-17,0
1533,Minnesota,1,0,0,45,MN,5639632,-17,0
1534,Iowa,1587,41,674,83,IA,3155070,62,25
1535,Iowa,1587,41,674,82,IA,3155070,62,25
1536,Iowa,1510,34,585,81,IA,3155070,61,23
1537,Iowa,1388,31,506,80,IA,3155070,60,22
1538,Iowa,1270,29,476,79,IA,3155070,59,22
1539,Iowa,1145,27,89,78,IA,3155070,58,21
1540,Iowa,1048,26,89,77,IA,3155070,58,21
1541,Iowa,946,25,3,76,IA,3155070,57,20
1542,Iowa,869,22,3,75,IA,3155070,56,19
1543,Iowa,787,14,3,74,IA,3155070,55,14
1544,Iowa,699,11,3,73,IA,3155070,54,12
1545,Iowa,614,11,3,72,IA,3155070,52,12
1546,Iowa,549,9,0,71,IA,3155070,51,10
1547,Iowa,497,7,0,70,IA,3155070,50,7
1548,Iowa,424,6,0,69,IA,3155070,49,6
1549,Iowa,336,4,0,68,IA,3155070,46,2
1550,Iowa,298,3,0,67,IA,3155070,45,0
1551,Iowa,235,3,0,66,IA,3155070,43,0
1552,Iowa,179,1,0,65,IA,3155070,40,-11
1553,Iowa,146,1,0,64,IA,3155070,38,-11
1554,Iowa,125,1,0,63,IA,3155070,36,-11
1555,Iowa,105,0,0,62,IA,3155070,35,0
1556,Iowa,90,0,0,61,IA,3155070,33,0
1557,Iowa,70,0,0,60,IA,3155070,30,0
1558,Iowa,45,0,0,59,IA,3155070,26,0
1559,Iowa,44,0,0,58,IA,3155070,26,0
1560,Iowa,39,0,0,57,IA,3155070,25,0
1561,Iowa,29,0,0,56,IA,3155070,22,0
1562,Iowa,23,0,0,55,IA,3155070,19,0
1563,Iowa,22,0,0,54,IA,3155070,19,0
1564,Iowa,18,0,0,53,IA,3155070,17,0
1565,Iowa,17,0,0,52,IA,3155070,16,0
1566,Iowa,16,0,0,51,IA,3155070,16,0
1567,Iowa,14,0,0,50,IA,3155070,14,0
1568,Iowa,13,0,0,49,IA,3155070,14,0
1569,Iowa,8,0,0,48,IA,3155070,9,0
1570,Oregon,1527,52,0,83,OR,4217737,58,25
1571,Oregon,1527,52,0,82,OR,4217737,58,25
1572,Oregon,1447,51,0,81,OR,4217737,58,24
1573,Oregon,1371,48,0,80,OR,4217737,57,24
1574,Oregon,1321,44,0,79,OR,4217737,57,23
1575,Oregon,1239,37,0,78,OR,4217737,56,21
1576,Oregon,1181,33,0,77,OR,4217737,56,20
1577,Oregon,1132,29,0,76,OR,4217737,55,19
1578,Oregon,1068,27,0,75,OR,4217737,55,18
1579,Oregon,999,26,0,74,OR,4217737,54,18
1580,Oregon,899,22,0,73,OR,4217737,53,16
1581,Oregon,826,21,0,72,OR,4217737,52,16
1582,Oregon,736,19,0,71,OR,4217737,51,15
1583,Oregon,690,18,0,70,OR,4217737,50,14
1584,Oregon,606,16,0,69,OR,4217737,49,13
1585,Oregon,549,13,0,68,OR,4217737,48,11
1586,Oregon,479,13,0,67,OR,4217737,47,11
1587,Oregon,416,12,0,66,OR,4217737,45,10
1588,Oregon,316,11,0,65,OR,4217737,43,9
1589,Oregon,266,10,0,64,OR,4217737,41,8
1590,Oregon,210,8,0,63,OR,4217737,39,6
1591,Oregon,191,5,0,62,OR,4217737,38,1
1592,Oregon,161,5,0,61,OR,4217737,36,1
1593,Oregon,137,4,0,60,OR,4217737,34,0
1594,Oregon,114,3,0,59,OR,4217737,32,-3
1595,Oregon,88,3,0,58,OR,4217737,30,-3
1596,Oregon,75,3,0,57,OR,4217737,28,-3
1597,Oregon,67,1,0,56,OR,4217737,27,-14
1598,Oregon,47,1,0,55,OR,4217737,24,-14
1599,Oregon,39,1,0,54,OR,4217737,22,-14
1600,Oregon,36,1,0,53,OR,4217737,21,-14
1601,Oregon,30,0,0,52,OR,4217737,19,0
1602,Oregon,24,0,0,51,OR,4217737,17,0
1603,Oregon,19,0,0,50,OR,4217737,15,0
1604,Oregon,15,0,0,49,OR,4217737,12,0
1605,Oregon,14,0,0,48,OR,4217737,11,0
1606,Oregon,14,0,0,47,OR,4217737,11,0
1607,Oregon,7,0,0,46,OR,4217737,5,0
1608,Oregon,3,0,0,45,OR,4217737,-3,0
1609,Oregon,3,0,0,44,OR,4217737,-3,0
1610,Oregon,3,0,0,43,OR,4217737,-3,0
1611,Oregon,3,0,0,42,OR,4217737,-3,0
1612,Oregon,3,0,0,41,OR,4217737,-3,0
1613,Oregon,1,0,0,40,OR,4217737,-14,0
1614,Oregon,1,0,0,39,OR,4217737,-14,0
1615,Oregon,1,0,0,38,OR,4217737,-14,0
1616,Idaho,1426,27,0,83,ID,1787065,66,27
1617,Idaho,1407,27,0,82,ID,1787065,66,27
1618,Idaho,1407,27,0,81,ID,1787065,66,27
1619,Idaho,1396,25,0,80,ID,1787065,66,26
1620,Idaho,1354,24,0,79,ID,1787065,66,25
1621,Idaho,1232,18,0,78,ID,1787065,65,23
1622,Idaho,1210,15,0,77,ID,1787065,65,21
1623,Idaho,1170,13,0,76,ID,1787065,64,19
1624,Idaho,1101,10,0,75,ID,1787065,64,17
1625,Idaho,1078,10,0,74,ID,1787065,64,17
1626,Idaho,1013,10,0,73,ID,1787065,63,17
1627,Idaho,891,9,0,72,ID,1787065,62,16
1628,Idaho,669,9,0,71,ID,1787065,59,16
1629,Idaho,525,8,0,70,ID,1787065,56,14
1630,Idaho,431,8,0,69,ID,1787065,54,14
1631,Idaho,324,6,0,68,ID,1787065,52,12
1632,Idaho,265,5,0,67,ID,1787065,49,10
1633,Idaho,233,4,0,66,ID,1787065,48,8
1634,Idaho,190,3,0,65,ID,1787065,46,5
1635,Idaho,138,0,0,64,ID,1787065,43,0
1636,Idaho,81,0,0,63,ID,1787065,38,0
1637,Idaho,68,0,0,62,ID,1787065,36,0
1638,Idaho,51,0,0,61,ID,1787065,33,0
1639,Idaho,42,0,0,60,ID,1787065,31,0
1640,Idaho,36,0,0,59,ID,1787065,30,0
1641,Idaho,23,0,0,58,ID,1787065,25,0
1642,Idaho,11,0,0,57,ID,1787065,18,0
1643,Idaho,8,0,0,56,ID,1787065,14,0
1644,Idaho,5,0,0,55,ID,1787065,10,0
1645,Idaho,5,0,0,54,ID,1787065,10,0
1646,Idaho,5,0,0,53,ID,1787065,10,0
1647,Idaho,1,0,0,52,ID,1787065,-5,0
1648,Kansas,1337,56,53,83,KS,2913314,61,29
1649,Kansas,1337,56,53,82,KS,2913314,61,29
1650,Kansas,1275,55,53,81,KS,2913314,60,29
1651,Kansas,1178,50,16,80,KS,2913314,60,28
1652,Kansas,1117,42,4,79,KS,2913314,59,26
1653,Kansas,1051,34,4,78,KS,2913314,58,24
1654,Kansas,928,29,4,77,KS,2913314,57,22
1655,Kansas,849,25,4,76,KS,2913314,56,21
1656,Kansas,751,22,3,75,KS,2913314,55,20
1657,Kansas,698,21,3,74,KS,2913314,54,19
1658,Kansas,629,18,3,73,KS,2913314,53,18
1659,Kansas,553,14,0,72,KS,2913314,52,15
1660,Kansas,494,10,0,71,KS,2913314,51,12
1661,Kansas,441,9,0,70,KS,2913314,50,11
1662,Kansas,374,8,0,69,KS,2913314,48,10
1663,Kansas,330,7,0,68,KS,2913314,47,8
1664,Kansas,269,5,0,67,KS,2913314,45,5
1665,Kansas,219,4,0,66,KS,2913314,43,3
1666,Kansas,172,3,0,65,KS,2913314,40,0
1667,Kansas,137,3,0,64,KS,2913314,38,0
1668,Kansas,100,2,0,63,KS,2913314,35,-3
1669,Kansas,85,2,0,62,KS,2913314,33,-3
1670,Kansas,67,2,0,61,KS,2913314,31,-3
1671,Kansas,57,2,0,60,KS,2913314,29,-3
1672,Kansas,48,1,0,59,KS,2913314,28,-10
1673,Kansas,36,1,0,58,KS,2913314,25,-10
1674,Kansas,22,1,0,57,KS,2913314,20,-10
1675,Kansas,18,1,0,56,KS,2913314,18,-10
1676,Kansas,11,1,0,55,KS,2913314,13,-10
1677,Kansas,9,1,0,54,KS,2913314,11,-10
1678,Kansas,8,1,0,53,KS,2913314,10,-10
1679,Kansas,6,1,0,52,KS,2913314,7,-10
1680,Kansas,5,0,0,51,KS,2913314,5,0
1681,Kansas,1,0,0,50,KS,2913314,-10,0
1682,Kansas,1,0,0,49,KS,2913314,-10,0
1683,Kansas,1,0,0,48,KS,2913314,-10,0
1684,Kansas,1,0,0,47,KS,2913314,-10,0
1685,Kansas,1,0,0,46,KS,2913314,-10,0
1686,Arkansas,1280,27,346,83,AR,3017804,60,21
1687,Arkansas,1280,27,346,82,AR,3017804,60,21
1688,Arkansas,1228,25,346,81,AR,3017804,60,21
1689,Arkansas,1202,24,329,80,AR,3017804,59,20
1690,Arkansas,1146,21,305,79,AR,3017804,59,19
1691,Arkansas,1077,18,237,78,AR,3017804,58,17
1692,Arkansas,997,18,189,77,AR,3017804,58,17
1693,Arkansas,927,16,102,76,AR,3017804,57,16
1694,Arkansas,853,16,97,75,AR,3017804,56,16
1695,Arkansas,743,14,79,74,AR,3017804,55,15
1696,Arkansas,738,12,60,73,AR,3017804,54,13
1697,Arkansas,683,12,50,72,AR,3017804,54,13
1698,Arkansas,584,10,41,71,AR,3017804,52,11
1699,Arkansas,564,8,0,70,AR,3017804,52,9
1700,Arkansas,508,7,0,69,AR,3017804,51,8
1701,Arkansas,449,6,0,68,AR,3017804,50,6
1702,Arkansas,409,5,0,67,AR,3017804,49,5
1703,Arkansas,386,3,0,66,AR,3017804,48,0
1704,Arkansas,335,2,0,65,AR,3017804,47,-4
1705,Arkansas,308,2,0,64,AR,3017804,46,-4
1706,Arkansas,232,2,0,63,AR,3017804,43,-4
1707,Arkansas,197,0,0,62,AR,3017804,41,0
1708,Arkansas,165,0,0,61,AR,3017804,40,0
1709,Arkansas,122,0,0,60,AR,3017804,36,0
1710,Arkansas,100,0,0,59,AR,3017804,35,0
1711,Arkansas,62,0,0,58,AR,3017804,30,0
1712,Arkansas,37,0,0,57,AR,3017804,25,0
1713,Arkansas,22,0,0,56,AR,3017804,19,0
1714,Arkansas,22,0,0,55,AR,3017804,19,0
1715,Arkansas,16,0,0,54,AR,3017804,16,0
1716,Arkansas,12,0,0,53,AR,3017804,13,0
1717,Arkansas,9,0,0,52,AR,3017804,10,0
1718,Arkansas,6,0,0,51,AR,3017804,6,0
1719,Arkansas,1,0,0,50,AR,3017804,-11,0
1720,New Mexico,1245,26,235,83,NM,2096829,63,25
1721,New Mexico,1245,26,235,82,NM,2096829,63,25
1722,New Mexico,1174,20,235,81,NM,2096829,63,22
1723,New Mexico,1091,17,171,80,NM,2096829,62,20
1724,New Mexico,989,17,171,79,NM,2096829,61,20
1725,New Mexico,865,16,171,78,NM,2096829,60,20
1726,New Mexico,794,13,133,77,NM,2096829,59,18
1727,New Mexico,686,12,133,76,NM,2096829,57,17
1728,New Mexico,624,12,26,75,NM,2096829,56,17
1729,New Mexico,543,11,26,74,NM,2096829,55,16
1730,New Mexico,495,10,26,73,NM,2096829,54,15
1731,New Mexico,403,7,26,72,NM,2096829,52,12
1732,New Mexico,363,6,26,71,NM,2096829,51,10
1733,New Mexico,316,5,0,70,NM,2096829,50,8
1734,New Mexico,281,4,0,69,NM,2096829,48,6
1735,New Mexico,237,2,0,68,NM,2096829,47,0
1736,New Mexico,208,2,0,67,NM,2096829,45,0
1737,New Mexico,191,1,0,66,NM,2096829,45,-7
1738,New Mexico,136,1,0,65,NM,2096829,41,-7
1739,New Mexico,113,1,0,64,NM,2096829,39,-7
1740,New Mexico,100,0,0,63,NM,2096829,38,0
1741,New Mexico,83,0,0,62,NM,2096829,36,0
1742,New Mexico,65,0,0,61,NM,2096829,34,0
1743,New Mexico,57,0,0,60,NM,2096829,33,0
1744,New Mexico,43,0,0,59,NM,2096829,30,0
1745,New Mexico,35,0,0,58,NM,2096829,28,0
1746,New Mexico,28,0,0,57,NM,2096829,25,0
1747,New Mexico,23,0,0,56,NM,2096829,23,0
1748,New Mexico,21,0,0,55,NM,2096829,23,0
1749,New Mexico,17,0,0,54,NM,2096829,20,0
1750,New Mexico,13,0,0,53,NM,2096829,18,0
1751,New Mexico,10,0,0,52,NM,2096829,15,0
1752,New Mexico,6,0,0,51,NM,2096829,10,0
1753,New Mexico,4,0,0,50,NM,2096829,6,0
1754,New Hampshire,985,23,239,83,NH,1359711,65,28
1755,New Hampshire,985,23,234,82,NH,1359711,65,28
1756,New Hampshire,929,23,234,81,NH,1359711,65,28
1757,New Hampshire,885,22,234,80,NH,1359711,64,27
1758,New Hampshire,819,21,227,79,NH,1359711,64,27
1759,New Hampshire,788,18,227,78,NH,1359711,63,25
1760,New Hampshire,747,13,151,77,NH,1359711,63,22
1761,New Hampshire,715,9,151,76,NH,1359711,62,18
1762,New Hampshire,669,9,147,75,NH,1359711,61,18
1763,New Hampshire,621,9,146,74,NH,1359711,61,18
1764,New Hampshire,540,7,144,73,NH,1359711,59,16
1765,New Hampshire,479,5,56,72,NH,1359711,58,13
1766,New Hampshire,415,4,56,71,NH,1359711,57,10
1767,New Hampshire,367,3,0,70,NH,1359711,55,7
1768,New Hampshire,314,3,0,69,NH,1359711,54,7
1769,New Hampshire,258,3,0,68,NH,1359711,52,7
1770,New Hampshire,214,2,0,67,NH,1359711,50,3
1771,New Hampshire,187,2,0,66,NH,1359711,49,3
1772,New Hampshire,154,1,0,65,NH,1359711,47,-3
1773,New Hampshire,137,1,0,64,NH,1359711,46,-3
1774,New Hampshire,108,1,0,63,NH,1359711,43,-3
1775,New Hampshire,101,1,0,62,NH,1359711,43,-3
1776,New Hampshire,78,0,0,61,NH,1359711,40,0
1777,New Hampshire,65,0,0,60,NH,1359711,38,0
1778,New Hampshire,55,0,0,59,NH,1359711,37,0
1779,New Hampshire,44,0,0,58,NH,1359711,34,0
1780,New Hampshire,39,0,0,57,NH,1359711,33,0
1781,New Hampshire,26,0,0,56,NH,1359711,29,0
1782,New Hampshire,17,0,0,55,NH,1359711,25,0
1783,New Hampshire,13,0,0,54,NH,1359711,22,0
1784,New Hampshire,7,0,0,53,NH,1359711,16,0
1785,New Hampshire,6,0,0,52,NH,1359711,14,0
1786,New Hampshire,6,0,0,51,NH,1359711,14,0
1787,New Hampshire,5,0,0,50,NH,1359711,13,0
1788,New Hampshire,5,0,0,49,NH,1359711,13,0
1789,New Hampshire,4,0,0,48,NH,1359711,10,0
1790,New Hampshire,4,0,0,47,NH,1359711,10,0
1791,New Hampshire,2,0,0,46,NH,1359711,3,0
1792,New Hampshire,2,0,0,45,NH,1359711,3,0
1793,New Hampshire,2,0,0,44,NH,1359711,3,0
1794,New Hampshire,2,0,0,43,NH,1359711,3,0
1795,New Hampshire,2,0,0,42,NH,1359711,3,0
1796,New Hampshire,1,0,0,41,NH,1359711,-3,0
1797,Nebraska,814,17,0,83,NE,1934408,60,21
1798,Nebraska,791,17,0,82,NE,1934408,60,21
1799,Nebraska,704,17,0,81,NE,1934408,58,21
1800,Nebraska,635,15,0,80,NE,1934408,57,20
1801,Nebraska,577,15,0,79,NE,1934408,56,20
1802,Nebraska,519,12,0,78,NE,1934408,55,18
1803,Nebraska,478,10,0,77,NE,1934408,55,16
1804,Nebraska,417,9,0,76,NE,1934408,53,15
1805,Nebraska,364,8,0,75,NE,1934408,52,14
1806,Nebraska,323,8,0,74,NE,1934408,51,14
1807,Nebraska,279,6,0,73,NE,1934408,49,11
1808,Nebraska,255,5,0,72,NE,1934408,48,9
1809,Nebraska,214,4,0,71,NE,1934408,47,7
1810,Nebraska,177,4,0,70,NE,1934408,45,7
1811,Nebraska,153,2,0,69,NE,1934408,43,0
1812,Nebraska,120,2,0,68,NE,1934408,41,0
1813,Nebraska,108,2,0,67,NE,1934408,40,0
1814,Nebraska,90,2,0,66,NE,1934408,38,0
1815,Nebraska,74,0,0,65,NE,1934408,36,0
1816,Nebraska,71,0,0,64,NE,1934408,36,0
1817,Nebraska,70,0,0,63,NE,1934408,35,0
1818,Nebraska,64,0,0,62,NE,1934408,34,0
1819,Nebraska,51,0,0,61,NE,1934408,32,0
1820,Nebraska,40,0,0,60,NE,1934408,30,0
1821,Nebraska,38,0,0,59,NE,1934408,29,0
1822,Nebraska,32,0,0,58,NE,1934408,28,0
1823,Nebraska,29,0,0,57,NE,1934408,27,0
1824,Nebraska,23,0,0,56,NE,1934408,24,0
1825,Nebraska,18,0,0,55,NE,1934408,22,0
1826,Nebraska,18,0,0,54,NE,1934408,22,0
1827,Nebraska,16,0,0,53,NE,1934408,21,0
1828,Nebraska,14,0,0,52,NE,1934408,19,0
1829,Nebraska,10,0,0,51,NE,1934408,16,0
1830,Nebraska,10,0,0,50,NE,1934408,16,0
1831,Nebraska,4,0,0,49,NE,1934408,7,0
1832,Nebraska,3,0,0,48,NE,1934408,4,0
1833,Nebraska,3,0,0,47,NE,1934408,4,0
1834,Nebraska,1,0,0,46,NE,1934408,-6,0
1835,Nebraska,1,0,0,45,NE,1934408,-6,0
1836,Nebraska,42,0,0,41,NE,1934408,30,0
1837,Nebraska,44,0,0,40,NE,1934408,31,0
1838,Nebraska,44,0,0,39,NE,1934408,31,0
1839,Nebraska,44,0,0,38,NE,1934408,31,0
1840,Nebraska,42,0,0,37,NE,1934408,30,0
1841,Nebraska,42,0,0,36,NE,1934408,30,0
1842,Nebraska,40,0,0,35,NE,1934408,30,0
1843,Nebraska,36,0,0,34,NE,1934408,29,0
1844,Nebraska,18,0,0,33,NE,1934408,22,0
1845,Nebraska,18,0,0,32,NE,1934408,22,0
1846,Nebraska,18,0,0,31,NE,1934408,22,0
1847,South Dakota,730,6,196,83,SD,884659,67,19
1848,South Dakota,730,6,196,82,SD,884659,67,19
1849,South Dakota,626,6,189,81,SD,884659,65,19
1850,South Dakota,536,6,177,80,SD,884659,64,19
1851,South Dakota,447,6,161,79,SD,884659,62,19
1852,South Dakota,393,6,146,78,SD,884659,60,19
1853,South Dakota,320,6,98,77,SD,884659,58,19
1854,South Dakota,288,4,91,76,SD,884659,57,15
1855,South Dakota,240,2,84,75,SD,884659,56,8
1856,South Dakota,212,2,76,74,SD,884659,54,8
1857,South Dakota,187,2,69,73,SD,884659,53,8
1858,South Dakota,165,2,57,72,SD,884659,52,8
1859,South Dakota,129,2,51,71,SD,884659,49,8
1860,South Dakota,108,1,0,70,SD,884659,48,1
1861,South Dakota,101,1,0,69,SD,884659,47,1
1862,South Dakota,90,1,0,68,SD,884659,46,1
1863,South Dakota,68,1,0,67,SD,884659,43,1
1864,South Dakota,58,1,0,66,SD,884659,41,1
1865,South Dakota,46,1,0,65,SD,884659,39,1
1866,South Dakota,41,1,0,64,SD,884659,38,1
1867,South Dakota,30,1,0,63,SD,884659,35,1
1868,South Dakota,28,1,0,62,SD,884659,34,1
1869,South Dakota,21,1,0,61,SD,884659,31,1
1870,South Dakota,14,1,0,60,SD,884659,27,1
1871,South Dakota,14,1,0,59,SD,884659,27,1
1872,South Dakota,14,1,0,58,SD,884659,27,1
1873,South Dakota,11,1,0,57,SD,884659,25,1
1874,South Dakota,11,1,0,56,SD,884659,25,1
1875,South Dakota,10,1,0,55,SD,884659,24,1
1876,South Dakota,9,1,0,54,SD,884659,23,1
1877,South Dakota,9,1,0,53,SD,884659,23,1
1878,South Dakota,9,1,0,52,SD,884659,23,1
1879,South Dakota,8,1,0,51,SD,884659,22,1
1880,South Dakota,8,1,0,50,SD,884659,22,1
1881,South Dakota,5,1,0,49,SD,884659,17,1
1882,Vermont,727,27,0,83,VT,623989,70,37
1883,Vermont,727,27,0,82,VT,623989,70,37
1884,Vermont,711,25,0,81,VT,623989,70,36
1885,Vermont,679,24,0,80,VT,623989,69,36
1886,Vermont,628,23,0,79,VT,623989,69,36
1887,Vermont,605,23,0,78,VT,623989,68,36
1888,Vermont,575,23,0,77,VT,623989,68,36
1889,Vermont,543,23,0,76,VT,623989,67,36
1890,Vermont,512,22,0,75,VT,623989,67,35
1891,Vermont,461,20,0,74,VT,623989,66,34
1892,Vermont,389,17,0,73,VT,623989,64,33
1893,Vermont,338,17,0,72,VT,623989,62,33
1894,Vermont,321,16,0,71,VT,623989,62,32
1895,Vermont,293,13,0,70,VT,623989,61,30
1896,Vermont,256,12,0,69,VT,623989,60,29
1897,Vermont,235,12,0,68,VT,623989,59,29
1898,Vermont,211,12,0,67,VT,623989,58,29
1899,Vermont,184,10,0,66,VT,623989,56,27
1900,Vermont,158,9,0,65,VT,623989,55,26
1901,Vermont,125,8,0,64,VT,623989,52,25
1902,Vermont,95,7,0,63,VT,623989,50,24
1903,Vermont,75,5,0,62,VT,623989,47,20
1904,Vermont,52,2,0,61,VT,623989,44,11
1905,Vermont,49,2,0,60,VT,623989,43,11
1906,Vermont,29,2,0,59,VT,623989,38,11
1907,Vermont,22,2,0,58,VT,623989,35,11
1908,Vermont,18,0,0,57,VT,623989,33,0
1909,Vermont,17,0,0,56,VT,623989,33,0
1910,Vermont,12,0,0,55,VT,623989,29,0
1911,Vermont,8,0,0,54,VT,623989,25,0
1912,Vermont,5,0,0,53,VT,623989,20,0
1913,Vermont,2,0,0,52,VT,623989,11,0
1914,Vermont,2,0,0,51,VT,623989,11,0
1915,Vermont,2,0,0,50,VT,623989,11,0
1916,Vermont,1,0,0,49,VT,623989,4,0
1917,Vermont,1,0,0,48,VT,623989,4,0
1918,Vermont,1,0,0,47,VT,623989,4,0
1919,Maine,633,19,266,83,ME,1344212,61,26
1920,Maine,633,19,256,82,ME,1344212,61,26
1921,Maine,616,19,256,81,ME,1344212,61,26
1922,Maine,586,17,246,80,ME,1344212,60,25
1923,Maine,560,16,202,79,ME,1344212,60,24
1924,Maine,537,14,187,78,ME,1344212,59,23
1925,Maine,519,12,176,77,ME,1344212,59,21
1926,Maine,499,10,158,76,ME,1344212,59,20
1927,Maine,470,10,140,75,ME,1344212,58,20
1928,Maine,456,10,140,74,ME,1344212,58,20
1929,Maine,432,9,113,73,ME,1344212,57,19
1930,Maine,376,7,94,72,ME,1344212,56,16
1931,Maine,344,7,68,71,ME,1344212,55,16
1932,Maine,303,5,0,70,ME,1344212,54,13
1933,Maine,275,3,0,69,ME,1344212,53,8
1934,Maine,253,3,0,68,ME,1344212,52,8
1935,Maine,211,1,0,67,ME,1344212,50,-2
1936,Maine,168,1,0,66,ME,1344212,48,-2
1937,Maine,155,0,0,65,ME,1344212,47,0
1938,Maine,142,0,0,64,ME,1344212,46,0
1939,Maine,118,0,0,63,ME,1344212,44,0
1940,Maine,107,0,0,62,ME,1344212,43,0
1941,Maine,89,0,0,61,ME,1344212,41,0
1942,Maine,70,0,0,60,ME,1344212,39,0
1943,Maine,56,0,0,59,ME,1344212,37,0
1944,Maine,52,0,0,58,ME,1344212,36,0
1945,Maine,42,0,0,57,ME,1344212,34,0
1946,Maine,32,0,0,56,ME,1344212,31,0
1947,Maine,17,0,0,55,ME,1344212,25,0
1948,Maine,12,0,0,54,ME,1344212,21,0
1949,Maine,3,0,0,53,ME,1344212,8,0
1950,Maine,3,0,0,52,ME,1344212,8,0
1951,Maine,1,0,0,51,ME,1344212,-2,0
1952,West Virginia,611,8,57,83,WV,1792147,58,14
1953,West Virginia,611,8,57,82,WV,1792147,58,14
1954,West Virginia,591,6,57,81,WV,1792147,57,12
1955,West Virginia,574,5,57,80,WV,1792147,57,10
1956,West Virginia,524,5,0,79,WV,1792147,56,10
1957,West Virginia,483,4,0,78,WV,1792147,55,8
1958,West Virginia,412,4,0,77,WV,1792147,54,8
1959,West Virginia,345,4,0,76,WV,1792147,52,8
1960,West Virginia,324,3,0,75,WV,1792147,51,5
1961,West Virginia,282,2,0,74,WV,1792147,50,1
1962,West Virginia,237,2,0,73,WV,1792147,48,1
1963,West Virginia,217,2,0,72,WV,1792147,47,1
1964,West Virginia,191,2,0,71,WV,1792147,46,1
1965,West Virginia,162,1,0,70,WV,1792147,45,-5
1966,West Virginia,145,1,0,69,WV,1792147,43,-5
1967,West Virginia,124,1,0,68,WV,1792147,42,-5
1968,West Virginia,113,0,0,67,WV,1792147,41,0
1969,West Virginia,96,0,0,66,WV,1792147,39,0
1970,West Virginia,76,0,0,65,WV,1792147,37,0
1971,West Virginia,39,0,0,64,WV,1792147,30,0
1972,West Virginia,36,0,0,63,WV,1792147,30,0
1973,West Virginia,20,0,0,62,WV,1792147,24,0
1974,West Virginia,16,0,0,61,WV,1792147,21,0
1975,West Virginia,12,0,0,60,WV,1792147,19,0
1976,West Virginia,8,0,0,59,WV,1792147,14,0
1977,West Virginia,5,0,0,58,WV,1792147,10,0
1978,West Virginia,2,0,0,57,WV,1792147,1,0
1979,West Virginia,1,0,0,56,WV,1792147,-5,0
1980,Hawaii,499,9,310,83,HI,1415872,58,18
1981,Hawaii,499,9,310,82,HI,1415872,58,18
1982,Hawaii,486,8,251,81,HI,1415872,58,17
1983,Hawaii,465,8,251,80,HI,1415872,57,17
1984,Hawaii,442,6,251,79,HI,1415872,57,14
1985,Hawaii,435,5,72,78,HI,1415872,57,12
1986,Hawaii,410,5,72,77,HI,1415872,56,12
1987,Hawaii,387,5,72,76,HI,1415872,56,12
1988,Hawaii,371,4,72,75,HI,1415872,55,10
1989,Hawaii,351,3,72,74,HI,1415872,55,7
1990,Hawaii,319,3,72,73,HI,1415872,54,7
1991,Hawaii,283,2,49,72,HI,1415872,52,3
1992,Hawaii,256,1,49,71,HI,1415872,51,-3
1993,Hawaii,224,1,0,70,HI,1415872,50,-3
1994,Hawaii,204,0,0,69,HI,1415872,49,0
1995,Hawaii,175,0,0,68,HI,1415872,48,0
1996,Hawaii,149,0,0,67,HI,1415872,46,0
1997,Hawaii,120,0,0,66,HI,1415872,44,0
1998,Hawaii,106,0,0,65,HI,1415872,43,0
1999,Hawaii,95,0,0,64,HI,1415872,42,0
2000,Hawaii,90,1,0,63,HI,1415872,41,-3
2001,Hawaii,77,0,0,62,HI,1415872,39,0
2002,Hawaii,56,0,0,61,HI,1415872,36,0
2003,Hawaii,48,0,0,60,HI,1415872,35,0
2004,Hawaii,37,0,0,59,HI,1415872,32,0
2005,Hawaii,26,0,0,58,HI,1415872,29,0
2006,Hawaii,16,0,0,57,HI,1415872,24,0
2007,Hawaii,14,0,0,56,HI,1415872,22,0
2008,Hawaii,10,0,0,55,HI,1415872,19,0
2009,Hawaii,7,0,0,54,HI,1415872,15,0
2010,Hawaii,4,0,0,53,HI,1415872,10,0
2011,Hawaii,2,0,0,52,HI,1415872,3,0
2012,Hawaii,2,0,0,51,HI,1415872,3,0
2013,Hawaii,2,0,0,50,HI,1415872,3,0
2014,Hawaii,2,0,0,49,HI,1415872,3,0
2015,Hawaii,2,0,0,48,HI,1415872,3,0
2016,Hawaii,1,0,0,47,HI,1415872,-3,0
2017,Hawaii,1,0,0,46,HI,1415872,-3,0
2018,Montana,387,6,169,83,MT,1068778,58,17
2019,Montana,387,6,165,82,MT,1068778,58,17
2020,Montana,377,6,165,81,MT,1068778,58,17
2021,Montana,365,6,165,80,MT,1068778,58,17
2022,Montana,354,6,157,79,MT,1068778,58,17
2023,Montana,332,6,32,78,MT,1068778,57,17
2024,Montana,319,6,32,77,MT,1068778,56,17
2025,Montana,319,6,32,76,MT,1068778,56,17
2026,Montana,298,6,32,75,MT,1068778,56,17
2027,Montana,281,6,32,74,MT,1068778,55,17
2028,Montana,262,5,32,73,MT,1068778,55,15
2029,Montana,241,5,32,72,MT,1068778,54,15
2030,Montana,217,6,0,71,MT,1068778,53,17
2031,Montana,198,5,0,70,MT,1068778,52,15
2032,Montana,177,5,0,69,MT,1068778,51,15
2033,Montana,161,2,0,68,MT,1068778,50,6
2034,Montana,147,1,0,67,MT,1068778,49,0
2035,Montana,121,1,0,66,MT,1068778,47,0
2036,Montana,90,0,0,65,MT,1068778,44,0
2037,Montana,65,0,0,64,MT,1068778,41,0
2038,Montana,51,0,0,63,MT,1068778,38,0
2039,Montana,46,0,0,62,MT,1068778,37,0
2040,Montana,34,0,0,61,MT,1068778,34,0
2041,Montana,30,0,0,60,MT,1068778,33,0
2042,Montana,20,0,0,59,MT,1068778,29,0
2043,Montana,15,0,0,58,MT,1068778,26,0
2044,Montana,11,0,0,57,MT,1068778,23,0
2045,Montana,9,0,0,56,MT,1068778,21,0
2046,Montana,9,0,0,55,MT,1068778,21,0
2047,Montana,7,0,0,54,MT,1068778,18,0
2048,Montana,7,0,0,53,MT,1068778,18,0
2049,Montana,5,0,0,52,MT,1068778,15,0
2050,Montana,1,0,0,51,MT,1068778,0,0
2051,Montana,1,0,0,50,MT,1068778,0,0
2052,North Dakota,308,8,121,83,ND,762062,60,23
2053,North Dakota,308,8,121,82,ND,762062,60,23
2054,North Dakota,293,7,119,81,ND,762062,59,22
2055,North Dakota,278,6,105,80,ND,762062,58,20
2056,North Dakota,269,5,101,79,ND,762062,58,18
2057,North Dakota,251,4,98,78,ND,762062,57,16
2058,North Dakota,237,4,82,77,ND,762062,57,16
2059,North Dakota,225,3,74,76,ND,762062,56,13
2060,North Dakota,207,3,63,75,ND,762062,56,13
2061,North Dakota,186,3,63,74,ND,762062,54,13
2062,North Dakota,173,3,55,73,ND,762062,54,13
2063,North Dakota,159,3,43,72,ND,762062,53,13
2064,North Dakota,142,3,34,71,ND,762062,52,13
2065,North Dakota,122,3,0,70,ND,762062,50,13
2066,North Dakota,109,3,0,69,ND,762062,49,13
2067,North Dakota,98,1,0,68,ND,762062,48,2
2068,North Dakota,94,1,0,67,ND,762062,48,2
2069,North Dakota,68,1,0,66,ND,762062,44,2
2070,North Dakota,58,0,0,65,ND,762062,43,0
2071,North Dakota,45,0,0,64,ND,762062,40,0
2072,North Dakota,36,0,0,63,ND,762062,38,0
2073,North Dakota,33,0,0,62,ND,762062,37,0
2074,North Dakota,30,0,0,61,ND,762062,36,0
2075,North Dakota,28,0,0,60,ND,762062,36,0
2076,North Dakota,26,0,0,59,ND,762062,35,0
2077,North Dakota,19,0,0,58,ND,762062,32,0
2078,North Dakota,7,0,0,57,ND,762062,22,0
2079,North Dakota,5,0,0,56,ND,762062,18,0
2080,North Dakota,1,0,0,55,ND,762062,2,0
2081,North Dakota,1,0,0,54,ND,762062,2,0
2082,North Dakota,1,0,0,53,ND,762062,2,0
2083,North Dakota,1,0,0,52,ND,762062,2,0
2084,North Dakota,1,0,0,51,ND,762062,2,0
2085,Alaska,272,8,66,83,AK,731545,59,23
2086,Alaska,272,8,66,82,AK,731545,59,23
2087,Alaska,257,8,55,81,AK,731545,58,23
2088,Alaska,246,7,55,80,AK,731545,58,22
2089,Alaska,235,7,49,79,AK,731545,57,22
2090,Alaska,226,7,32,78,AK,731545,57,22
2091,Alaska,213,6,29,77,AK,731545,56,21
2092,Alaska,191,6,0,76,AK,731545,55,21
2093,Alaska,185,6,0,75,AK,731545,55,21
2094,Alaska,171,5,0,74,AK,731545,54,19
2095,Alaska,157,3,0,73,AK,731545,53,14
2096,Alaska,147,3,0,72,AK,731545,53,14
2097,Alaska,138,3,0,71,AK,731545,52,14
2098,Alaska,133,3,0,70,AK,731545,52,14
2099,Alaska,114,3,0,69,AK,731545,50,14
2100,Alaska,114,3,0,68,AK,731545,50,14
2101,Alaska,102,2,0,67,AK,731545,49,10
2102,Alaska,69,1,0,66,AK,731545,45,3
2103,Alaska,59,1,0,65,AK,731545,43,3
2104,Alaska,43,1,0,64,AK,731545,40,3
2105,Alaska,36,0,0,63,AK,731545,38,0
2106,Alaska,36,0,0,62,AK,731545,38,0
2107,Alaska,22,0,0,61,AK,731545,34,0
2108,Alaska,14,0,0,60,AK,731545,29,0
2109,Alaska,12,0,0,59,AK,731545,27,0
2110,Alaska,12,0,0,58,AK,731545,27,0
2111,Alaska,9,0,0,57,AK,731545,25,0
2112,Alaska,3,0,0,56,AK,731545,14,0
2113,Alaska,1,0,0,55,AK,731545,3,0
2114,Alaska,1,0,0,54,AK,731545,3,0
2115,Alaska,1,0,0,53,AK,731545,3,0
2116,Alaska,1,0,0,52,AK,731545,3,0
2117,Alaska,1,0,0,51,AK,731545,3,0
2118,Wyoming,270,0,137,83,WY,578759,61,0
2119,Wyoming,270,0,137,82,WY,578759,61,0
2120,Wyoming,261,0,137,81,WY,578759,61,0
2121,Wyoming,253,0,101,80,WY,578759,60,0
2122,Wyoming,239,0,101,79,WY,578759,60,0
2123,Wyoming,230,0,62,78,WY,578759,59,0
2124,Wyoming,221,0,62,77,WY,578759,59,0
2125,Wyoming,212,0,50,76,WY,578759,59,0
2126,Wyoming,200,0,50,75,WY,578759,58,0
2127,Wyoming,187,0,37,74,WY,578759,57,0
2128,Wyoming,166,0,37,73,WY,578759,56,0
2129,Wyoming,153,0,31,72,WY,578759,55,0
2130,Wyoming,137,0,31,71,WY,578759,54,0
2131,Wyoming,120,0,0,70,WY,578759,53,0
2132,Wyoming,95,0,0,69,WY,578759,51,0
2133,Wyoming,87,0,0,68,WY,578759,50,0
2134,Wyoming,84,0,0,67,WY,578759,49,0
2135,Wyoming,73,0,0,66,WY,578759,48,0
2136,Wyoming,56,0,0,65,WY,578759,45,0
2137,Wyoming,44,0,0,64,WY,578759,43,0
2138,Wyoming,34,0,0,63,WY,578759,40,0
2139,Wyoming,28,0,0,62,WY,578759,38,0
2140,Wyoming,26,0,0,61,WY,578759,38,0
2141,Wyoming,24,0,0,60,WY,578759,37,0
2142,Wyoming,21,0,0,59,WY,578759,35,0
2143,Wyoming,18,0,0,58,WY,578759,34,0
2144,Wyoming,18,0,0,57,WY,578759,34,0
2145,Wyoming,11,0,0,56,WY,578759,29,0
2146,Wyoming,3,0,0,55,WY,578759,16,0
2147,Wyoming,3,0,0,54,WY,578759,16,0
2148,Wyoming,3,0,0,53,WY,578759,16,0
2149,Wyoming,1,0,0,52,WY,578759,5,0
2150,Wyoming,1,0,0,51,WY,578759,5,0
2151,Wyoming,1,0,0,50,WY,578759,5,0
